ID,SMILES,Screening,Enzyme activity (%),pIC50,pEC50,pCC50,Crystal structure,Tanimoto_brequinar,Tanimoto_teriflunomida,Tanimoto_H3D-003181,Tanimoto_QHM-0001063,Tanimoto_QHM-0000370,Tanimoto_QHM-0000001,Tanimoto_2D
H3D-003181,OC(=O)c1ccccc1NC(=O)CNc1ccccc1C(F)(F)F,VS,,"6,040958608","5,886056648",4,,0.32075471698113206,0.5098039215686274,1.0,0.3448275862068966,0.391304347826087,0.2413793103448276,0.3137254901960784
H3D-001915,OC(=O)c1ccccc1NC(=O)CNc1ccc(cc1)C(F)(F)F,VS,,"5,619788758","5,508638306",4,,0.32075471698113206,0.5098039215686274,1.0,0.3448275862068966,0.391304347826087,0.2413793103448276,0.3137254901960784
H3D-003186,OC(=O)c1ccccc1NC(=O)CNc1ccccc1OC(F)(F)F,VS,,"5,585026652","5,619788758","4,000869459",,0.288135593220339,0.48214285714285715,0.8775510204081632,0.3770491803278688,0.34615384615384615,0.2786885245901639,0.2807017543859649
H3D-001919,OC(=O)c1ccccc1NC(=O)COc1ccc(cc1)Br,VS,,"5,13076828",ND,ND,,0.3090909090909091,0.4107142857142857,0.660377358490566,0.3559322033898305,0.3469387755102041,0.32142857142857145,0.3018867924528302
H3D-002843,OC(=O)c1ccccc1NC(=O)CNc1ccc(cc1)F,VS,,"5,113509275",ND,ND,,0.35294117647058826,0.46153846153846156,0.9318181818181818,0.3275862068965517,0.4,0.24561403508771928,0.3469387755102041
H3D-001700,OC(=O)c1ccccc1NC(=O)CCc1ccc(cc1)C(F)(F)F,VS,,"5,022276395",ND,ND,,0.3469387755102041,0.5208333333333334,0.782608695652174,0.34545454545454546,0.3953488372093023,0.2830188679245283,0.3404255319148936
H3D-001719,OC(=O)c1ccccc1NC(=O)CNc1ccc(cc1)Br,VS,,"4,863279433",ND,ND,,0.3269230769230769,0.4339622641509434,0.8888888888888888,0.3275862068965517,0.4,0.24561403508771928,0.32
H3D-003213,OC(=O)c1ccccc1NC(=O)CNC1CCc2ccccc2C1,VS,,"4,853871964",ND,ND,,0.2857142857142857,0.3620689655172414,0.76,0.3559322033898305,0.375,0.2982456140350877,0.2777777777777778
H3D-003450,OC(=O)c1ccccc1NC(=O)CN1CCOc2ccccc21,VS,,"4,522878745",ND,ND,,0.2923076923076923,0.3188405797101449,0.5625,0.3939393939393939,0.3,0.2463768115942029,0.2857142857142857
H3D-001733,OC(=O)c1ccccc1NC(=O)COc1ccc(nc1)Br,VS,,"4,431798276",ND,ND,,0.375,0.4,0.631578947368421,0.4406779661016949,0.33962264150943394,0.29508196721311475,0.37037037037037035
H3D-003550,OC(=O)C1=C(CCCC1)NC(=O)CNc1ccc(cc1)Br,VS,,"4,229147988",ND,ND,,0.24193548387096775,0.4482758620689655,0.6909090909090909,0.26865671641791045,0.3148148148148148,0.27419354838709675,0.2542372881355932
H3D-003503,OC(=O)c1ccccc1NC(=O)CN1CCN(CC1)c1ccc(cn1)C(F)(F)F,VS,,"4,200659451",ND,ND,,0.3384615384615385,0.38235294117647056,0.6612903225806451,0.39705882352941174,0.2857142857142857,0.18666666666666668,0.3333333333333333
H3D-003502,OC(=O)c1ccccc1NC(=O)CN1CCN(CC1)c1ccc(cn1)Br,VS,,"4,15490196",ND,ND,,0.34375,0.32857142857142857,0.59375,0.38235294117647056,0.2903225806451613,0.1891891891891892,0.3387096774193548
H3D-003188,OC(=O)c1ccccc1NC(=O)CNCc1ccc(nc1)C(F)(F)F,VS,,"3,841637508",ND,ND,,0.3684210526315789,0.46551724137931033,0.8431372549019608,0.4098360655737705,0.3333333333333333,0.21212121212121213,0.36363636363636365
H3D-003549,OC(=O)C1=C(CCCC1)NC(=O)CNc1ccc(cc1)F,VS,,"3,494850022",ND,ND,,0.26229508196721313,0.47368421052631576,0.7222222222222222,0.26865671641791045,0.3148148148148148,0.27419354838709675,0.27586206896551724
H3D-003308,OC(=O)c1ccccc1NC(=O)N1CCN(CC1)c1ccc(cc1)F,VS,,"3,468521083",ND,ND,,0.36666666666666664,0.36923076923076925,0.5555555555555556,0.38461538461538464,0.288135593220339,0.2,0.3620689655172414
H3D-002856,O=C(CNc1c(F)cccc1F)Nc1ccccc1C(=O)[O-],VS,,"5,534617149","5,408935393",ND,Y,0.3877551020408163,0.41509433962264153,0.8666666666666667,0.3333333333333333,0.4090909090909091,0.22807017543859648,0.32653061224489793
H3D-003820,Nc1c(cnn1-c1ccc(cc1)F)C(=O)NCCc1ccncc1,VS,80,,,,,0.3333333333333333,0.3384615384615385,0.5,0.4426229508196721,0.34545454545454546,0.1232876712328767,0.3050847457627119
H3D-003512,OC(=O)c1cccc(c1O)NC(=O)CNc1ccc(cc1)F,VS,90,,,,,0.32142857142857145,0.44642857142857145,0.8,0.3442622950819672,0.36,0.3103448275862069,0.3148148148148148
H3D-001682,OC(=O)c1ccc(cc1NC(=O)CCc1ccc(cc1)-c1ccc(cc1)Cl)F,VS,23,,,,,0.3958333333333333,0.45098039215686275,0.6938775510204082,0.3392857142857143,0.38636363636363635,0.2777777777777778,0.391304347826087
H3D-001697,CCOC(=O)c1ccccc1NC(=O)NCc1ccc(cc1)Br,VS,89,,,,,0.34615384615384615,0.4,0.5925925925925926,0.3684210526315789,0.391304347826087,0.2631578947368421,0.28846153846153844
H3D-001699,CCOC(=O)c1ccccc1NC(=O)CCc1ccccc1Br,VS,50,,,,,0.3673469387755102,0.37037037037037035,0.5961538461538461,0.29310344827586204,0.38636363636363635,0.2777777777777778,0.30612244897959184
H3D-002845,Oc1ccccc1NC(=O)CNc1ccc(cc1)Br,VS,100,,,,,0.3076923076923077,0.41509433962264153,0.7142857142857143,0.38181818181818183,0.4090909090909091,0.2727272727272727,0.3
H3D-000374,CC(C)(C)NC(=O)c1ccc(F)c(-c2ccc3ncc(-c4ccc(S(C)(=O)=O)cc4)n3n2)c1,VS,113,,,,,0.36363636363636365,0.2597402597402597,0.30864197530864196,0.3424657534246575,0.23529411764705882,0.21052631578947367,0.3181818181818182
H3D-003130,O=C(C[NH+]1CCN(c2ccc(F)cc2)CC1)Nc1ccccc1C(=O)[O-],VS,80,,,,,0.3770491803278688,0.3188405797101449,0.639344262295082,0.35294117647058826,0.3,0.1780821917808219,0.32786885245901637
H3D-003308,O=C([O-])c1ccccc1NC(=O)N1CCN(c2ccc(F)cc2)CC1,VS,71,,,,,0.40350877192982454,0.3181818181818182,0.5,0.375,0.27586206896551724,0.18840579710144928,0.3508771929824561
H3D-005516,Cc1cc2nc(C(=O)NCCO)cc(-n3nccc3C)c2c(C)c1-c1ccc(CN2CCOC2=O)cc1,VS,105,,,,,0.29333333333333333,0.2682926829268293,0.4868421052631579,0.4,0.2638888888888889,0.25316455696202533,0.2702702702702703
H3D-006902,Cc1cc2nc(CO)cc(-n3nccc3C)c2c(C)c1-c1ccc(CN2CCOCC2)cc1,VS,104,,,,,0.3333333333333333,0.20833333333333334,0.3333333333333333,0.31343283582089554,0.21311475409836064,0.22388059701492538,0.3050847457627119
H3D-008198,Cc1cc2nc(C(=O)NCC(=O)[O-])cc(-n3nccc3C)c2c(C)c1-c1ccncc1,VS,74,,,,,0.4107142857142857,0.2835820895522388,0.484375,0.4262295081967213,0.32727272727272727,0.265625,0.3333333333333333
H3D-008521,Cc1cc2nc(C(=O)NCC(=O)[O-])cc(-c3ccccc3F)c2c(C)c1-c1ccncc1,VS,98,,,,,0.6136363636363636,0.3220338983050847,0.5818181818181818,0.4107142857142857,0.32653061224489793,0.30357142857142855,0.5111111111111111
H3D-013381,CNC(=O)c1cc(-n2nccc2C)c2c(C)c(-c3ccc(CO[C@@H]4CCNC4=O)cc3)c(C)cc2n1,VS,83,,,,,0.28378378378378377,0.275,0.44155844155844154,0.410958904109589,0.2714285714285714,0.29333333333333333,0.24324324324324326
H3D-005797,COCCn1ccc(-c2c(C)cc3nc(C(=O)NCC(=O)[O-])cc(-c4ccccc4F)c3c2C)cc1=O,VS,94,,,,,0.42857142857142855,0.24358974358974358,0.4520547945205479,0.3611111111111111,0.23529411764705882,0.2777777777777778,0.359375
H3D-007277,Cc1cc2nc(C(=O)NCC(=O)[O-])cc(-n3nccc3C)c2c(C)c1-c1ccc(CN2CCOCC2)cc1,VS,99,,,,,0.34328358208955223,0.24358974358974358,0.43243243243243246,0.3611111111111111,0.2727272727272727,0.22666666666666666,0.27941176470588236
H3D-008418,Cc1cc2nc(C(=O)NCC(=O)[O-])cc(-c3ccccc3F)c2c(C)c1-c1ccc(CN2CCOCC2)cc1,VS,98,,,,,0.46551724137931033,0.2602739726027397,0.4852941176470588,0.32857142857142857,0.25396825396825395,0.24285714285714285,0.3898305084745763
LabMol-411,O=C(Nc1ccc2oc(-c3ccccc3F)nc2c1)c1ccc(Cl)c([N+](=O)[O-])c1,VS,82,,,,,0.39655172413793105,0.31343283582089554,0.36619718309859156,0.390625,0.29310344827586204,0.2028985507246377,0.3448275862068966
LabMol-412,CC(C)Oc1ccccc1NC(=O)CSc1nnc(-c2cccc(F)c2)n1-c1ccccc1,VS,90,,,,,0.3235294117647059,0.3287671232876712,0.43243243243243246,0.4,0.2727272727272727,0.22666666666666666,0.27941176470588236
LabMol-413,COc1cccc(NC(=O)CN(c2ccccc2F)S(=O)(=O)c2ccc(C)cc2)c1,VS,52,,,,,0.24,0.3333333333333333,0.5138888888888888,0.27848101265822783,0.2608695652173913,0.23376623376623376,0.2
LabMol-416,O=C(COc1ccccc1[N+](=O)[O-])Nc1ccc2oc(-c3ccccc3F)nc2c1,VS,89,,,,,0.34782608695652173,0.2987012987012987,0.4155844155844156,0.3835616438356164,0.24285714285714285,0.26666666666666666,0.30434782608695654
LabMol-418,O=C(COc1ccc(Cl)cc1Cl)Nc1ccc2c(c1)C(=O)c1ccccc1C2=O,VS,98,,,,,0.35294117647058826,0.3333333333333333,0.5454545454545454,0.375,0.3404255319148936,0.36538461538461536,0.32
LabMol-419,Cc1nn(-c2ccccc2)c(OC(=O)C(C)C)c1Sc1ccccc1[N+](=O)[O-],VS,76,,,,,0.29411764705882354,0.25,0.31645569620253167,0.37142857142857144,0.26153846153846155,0.2328767123287671,0.2318840579710145
LabMol-420,O=C(Nc1ccc2oc(-c3ccccc3Cl)nc2c1)c1ccc(N2CCCC2)c([N+](=O)[O-])c1,VS,75,,,,,0.3142857142857143,0.2692307692307692,0.38461538461538464,0.35135135135135137,0.2463768115942029,0.175,0.2714285714285714
LabMol-422,C=CCn1c(SCC(=O)Nc2ccc(Br)cc2F)nnc1-c1ccccc1Cl,VS,107,,,,,0.2835820895522388,0.2916666666666667,0.4166666666666667,0.36231884057971014,0.2698412698412698,0.1282051282051282,0.25757575757575757
LabMol-423,C=CCn1c(SCC(=O)Nc2ccc(F)cc2F)nnc1-c1ccccc1O,VS,96,,,,,0.2916666666666667,0.3698630136986301,0.47297297297297297,0.4225352112676056,0.2608695652173913,0.20253164556962025,0.2857142857142857
LabMol-424,C=CCn1c(SCC(=O)Nc2cc([N+](=O)[O-])ccc2C)nnc1-c1ccccc1Cl,VS,99,,,,,0.27631578947368424,0.2682926829268293,0.3950617283950617,0.3125,0.2465753424657534,0.16470588235294117,0.22077922077922077
LabMol-425,C=CCn1c(SCC(=O)Nc2cc(C)c(C)cc2Br)nnc1-c1ccccc1Cl,VS,103,,,,,0.27941176470588236,0.2876712328767123,0.3918918918918919,0.35714285714285715,0.2857142857142857,0.15584415584415584,0.23529411764705882
LabMol-426,C=CCn1c(SCC(=O)Nc2ccc(F)c(F)c2F)nnc1-c1ccccc1O,VS,48,,,,,0.2916666666666667,0.3698630136986301,0.47297297297297297,0.4225352112676056,0.2608695652173913,0.20253164556962025,0.2857142857142857
LabMol-427,C=CCn1c(SCC(=O)Nc2cccc(OC)c2)nnc1-c1ccccc1F,VS,55,,,,,0.3055555555555556,0.3466666666666667,0.42857142857142855,0.3972602739726027,0.2571428571428571,0.2,0.2638888888888889
LabMol-428,C=CCn1c(SCC(=O)Nc2ccc(Br)c(Cl)c2)nnc1-c1ccccc1F,VS,40,,,,,0.2835820895522388,0.2916666666666667,0.4166666666666667,0.36231884057971014,0.2698412698412698,0.1282051282051282,0.25757575757575757
LabMol-429,C=CCn1c(SCC(=O)Nc2ccc(Cl)cc2C)nnc1-c1ccccc1F,VS,95,,,,,0.30303030303030304,0.30985915492957744,0.4166666666666667,0.36231884057971014,0.2903225806451613,0.14285714285714285,0.25757575757575757
LabMol-430,C=CCn1c(SCC(=O)Nc2ccc(OCC)cc2)nnc1-c1ccccc1F,VS,98,,,,,0.3055555555555556,0.32894736842105265,0.41025641025641024,0.3783783783783784,0.2571428571428571,0.2,0.2638888888888889
LabMol-432,C=CCn1c(SCC(=O)Nc2cccc(C(F)(F)F)c2)nnc1-c1ccccc1F,VS,75,,,,,0.2878787878787879,0.3142857142857143,0.44285714285714284,0.36764705882352944,0.27419354838709675,0.12987012987012986,0.26153846153846155
LabMol-434,CCn1c(SCC(=O)Nc2ccc(Br)cc2C(C)C)nnc1-c1ccccc1F,VS,77,,,,,0.29411764705882354,0.28378378378378377,0.40540540540540543,0.352112676056338,0.28125,0.15384615384615385,0.25
LabMol-435,C=CCn1c(SCC(=O)Nc2c(F)cc(F)cc2Br)nnc1-c1ccccc1F,VS,98,,,,,0.2878787878787879,0.29577464788732394,0.4225352112676056,0.36764705882352944,0.27419354838709675,0.12987012987012986,0.26153846153846155
LabMol-436,C=CCn1c(SCC(=O)Nc2ccc(Br)cc2C(C)C)nnc1-c1ccccc1F,VS,99,,,,,0.29411764705882354,0.3013698630136986,0.40540540540540543,0.352112676056338,0.28125,0.16883116883116883,0.25
LabMol-437,COC(=O)c1cc(OC)c(OC)cc1NC(=O)c1ccc(-c2ccccc2F)o1,VS,98,,,,,0.4117647058823529,0.38596491228070173,0.4666666666666667,0.3793103448275862,0.3469387755102041,0.32142857142857145,0.35294117647058826
LabMol-438,CCCCn1c(C)cn2c3c(=O)n(Cc4ccccc4F)c(=O)n(C)c3nc12,VS,97,,,,,0.34328358208955223,0.27631578947368424,0.37662337662337664,0.42028985507246375,0.21739130434782608,0.2602739726027397,0.29850746268656714
LabMol-439,Cn1c(=O)c2c(ncn2CC(=O)Nc2ccc3oc(-c4ccccc4F)nc3c2)n(C)c1=O,VS,60,,,,,0.3582089552238806,0.3424657534246575,0.4861111111111111,0.47761194029850745,0.26865671641791045,0.273972602739726,0.31343283582089554
LabMol-440,COc1ccc(S(=O)(=O)Nc2c(F)cccc2F)cc1C(=O)NC(C)C,VS,95,,,,,0.2535211267605634,0.391304347826087,0.4,0.3108108108108108,0.296875,0.2638888888888889,0.2112676056338028
LabMol-441,COc1cc(F)ccc1-c1ccc(=O)n(CC(=O)Nc2cccc(SC)c2)n1,VS,70,,,,,0.35384615384615387,0.3380281690140845,0.5072463768115942,0.4117647058823529,0.28125,0.25,0.3076923076923077
LabMol-442,CCC(CC)C(=O)N1CCc2c(cnc(C)c2CNC(=O)c2ccccc2F)C1,VS,60,,,,,0.40350877192982454,0.27941176470588236,0.391304347826087,0.35384615384615387,0.27586206896551724,0.24242424242424243,0.3508771929824561
LabMol-443,CCCN1CCN(C(=O)c2cc(NC(C)=O)c3c(c2)nc(-c2ccccc2F)n3CC)CC1,VS,99,,,,,0.38095238095238093,0.2876712328767123,0.3918918918918919,0.39705882352941174,0.2857142857142857,0.20270270270270271,0.3333333333333333
LabMol-444,CCn1c(-c2ccccc2F)nc2cc(NC(C)=O)cc(C(=O)NC(C)C)c21,VS,99,,,,,0.4107142857142857,0.36507936507936506,0.46153846153846156,0.4745762711864407,0.35185185185185186,0.24615384615384617,0.35714285714285715
LabMol-445,CSc1cccc(NC(=O)c2cc(NCc3ccccc3F)cc(S(=O)(=O)N3CCCC3)c2)c1,VS,63,,,,,0.2602739726027397,0.3026315789473684,0.44,0.26582278481012656,0.2835820895522388,0.16049382716049382,0.2191780821917808
QHM-0000936,CCN(Cc1ccncc1)C(=O)c1cnn(-c2nccc(-c3ccccc3F)n2)c1C(C)C,Enzymatic,"30,4",,,,,0.35,0.31343283582089554,0.38571428571428573,0.43548387096774194,0.29310344827586204,0.18571428571428572,0.3
QHM-0000938,CCCN1CCN(C(=O)c2cnn(-c3nccc(-c4ccccc4F)n3)c2C2CC2)CC1,Enzymatic,33,,,,,0.328125,0.29577464788732394,0.3835616438356164,0.4090909090909091,0.27419354838709675,0.12987012987012986,0.28125
QHM-0001039,Cc1ccc(C(=O)[O-])c(N2CCc3onc(-c4ccccc4F)c3C2)[nH+]1,Enzymatic,"47,2",,,,,0.43548387096774194,0.28,0.36363636363636365,0.3472222222222222,0.22058823529411764,0.21333333333333335,0.36507936507936506
QHM-0001042,CCCN1CCN(C(=O)c2cnn(-c3nccc(-c4ccccc4F)n3)c2C)CC1,Enzymatic,,"4,522878745",ND,ND,,0.328125,0.29577464788732394,0.3835616438356164,0.4090909090909091,0.27419354838709675,0.14473684210526316,0.28125
QHM-0001041,COCc1c(C(=O)N2CCN(C(C)C)CC2)cnn1-c1nccc(-c2ccccc2F)n1,Enzymatic,,"4,698970004",ND,ND,,0.32857142857142857,0.2987012987012987,0.3974358974358974,0.36486486486486486,0.24285714285714285,0.1875,0.2857142857142857
QHM-0001040,CC(C)Cc1cc(C(=O)N2CCc3[nH]nc(-c4ccccc4F)c3C2)n(C)n1,Enzymatic,,"4,920818754","6,397940009",ND,,0.3382352941176471,0.24050632911392406,0.35443037974683544,0.33783783783783783,0.2318840579710145,0.19230769230769232,0.29411764705882354
QHM-0000990,O=C1C2=CC=CC=C2N=C(NC2=CC3=C(OCCO3)C=C2)N1,Enzymatic,,"4,602059991",ND,ND,,0.32142857142857145,0.3728813559322034,0.40625,0.7083333333333334,0.36,0.26666666666666666,0.3148148148148148
QHM-0001062,O=C1NC(NC2=CC=C(C3=CC=CC=C3)C=C2)=NC2=CC=CC=C12,Enzymatic,"50,5",ND,"6,823908741","4,453457337",,0.34782608695652173,0.38,0.3448275862068966,1.0,0.47368421052631576,0.18518518518518517,0.37209302325581395
QHM-0001063,O=C1NC(NC2=CC(C3=CC=CC=C3)=CC=C2)=NC2=CC=CC=C12,Enzymatic,,"6,229147988",ND,ND,,0.34782608695652173,0.38,0.3448275862068966,1.0,0.47368421052631576,0.18518518518518517,0.37209302325581395
QHM-0001060,CC(NC1=CC=C(C#CC2=CC([N+]([O-])=O)=C(N)C(N)=C2)C=C1)=O,Enzymatic,,"4,148741651",ND,ND,,0.25,0.3508771929824561,0.43333333333333335,0.3448275862068966,0.4883720930232558,0.2,0.17543859649122806
QHM-0001059,NC1=CC=C(C#CC2=CC=CC(N)=C2)C=C1,Enzymatic,"60,3",,,,,0.2,0.2894736842105263,0.28888888888888886,0.35135135135135137,0.7142857142857143,0.1,0.21875
QHM-0001015,C1=CC(C#CC2=CC=C3C(=C2)C(F)=NN3)=CC=C1NC(C)=O,Enzymatic,,"4,769551079",ND,ND,Y,0.4222222222222222,0.42,0.3559322033898305,0.5319148936170213,0.5263157894736842,0.15789473684210525,0.4186046511627907
QHM-0001014,C1=CC(C#CC2=CC=C3C(=C2)C=NN3)=CC=C1NC(C)=O,Enzymatic,,5,ND,ND,Y,0.3333333333333333,0.3673469387755102,0.3103448275862069,0.5813953488372093,0.5882352941176471,0.16981132075471697,0.32558139534883723
QHM-0001013,C1=CC(C#CC2=CC=C3C(=C2)N=CN3)=CC=C1NC(C)=O,Enzymatic,,"4,602059991",ND,ND,,0.35714285714285715,0.3617021276595745,0.35185185185185186,0.625,0.6451612903225806,0.18,0.35
QHM-0001012,C1=CC(C#CC2=CC=C(N)C(N)=C2)=CC=C1NC(C)=O,Enzymatic,,"5,301029996",ND,ND,Y,0.3,0.40476190476190477,0.4782608695652174,0.42857142857142855,0.84,0.2,0.225
QHM-0000945,NC1=CC(C#CC2=CC=CC=C2C(N)=O)=CC=C1,Enzymatic,"91,8",,,,,0.2894736842105263,0.4,0.4444444444444444,0.46153846153846156,0.8695652173913043,0.18604651162790697,0.24324324324324326
QHM-0000944,NC1=CC=C(C#CC2=CC=C(NC(C)=O)C=C2)C=C1,Enzymatic,,"4,978810701",ND,ND,Y,0.2631578947368421,0.4473684210526316,0.391304347826087,0.47368421052631576,1.0,0.16279069767441862,0.25
QHM-0000931,O=C(OC)NC1=CC=C(C#CC2=CC=CC=C2)C=C1,Enzymatic,30,,,,,0.34210526315789475,0.4146341463414634,0.3958333333333333,0.37209302325581395,0.6071428571428571,0.20454545454545456,0.3333333333333333
QHM-0000373,CS(=O)(=O)NC1=CC=CC(C#CC2=CC=CC([N+]([O-])=O)=C2)=C1,Enzymatic,"82,7",,,,,0.1746031746031746,0.24615384615384617,0.2676056338028169,0.22388059701492538,0.3076923076923077,0.13432835820895522,0.14516129032258066
QHM-0000372,NC1=CC=CC(C#CC2=CC=CC([N+]([O-])=O)=C2)=C1,Enzymatic,"93,3",,,,,0.21739130434782608,0.23529411764705882,0.2413793103448276,0.2549019607843137,0.42857142857142855,0.11538461538461539,0.20454545454545456
QHM-0000371,CC(=O)NC1=CC=C(C#CC2=CC(NS(C)(=O)=O)=CC=C2)C=C1,Enzymatic,"90,7",,,,,0.1864406779661017,0.3508771929824561,0.36507936507936506,0.3220338983050847,0.45454545454545453,0.18032786885245902,0.17543859649122806
QHM-0000370,CC(=O)NC1=CC=C(C#CC2=CC(N)=CC=C2)C=C1,Enzymatic,,"5,721246399","1,7",ND,Y,0.2631578947368421,0.4473684210526316,0.391304347826087,0.47368421052631576,1.0,0.16279069767441862,0.25
QHM-0001077,CC(NC1=CC=C(C#CC2=CC(N)=C(N)C(N)=C2)C=C1)=O,Enzymatic,,"3,982966661",ND,ND,,0.2857142857142857,0.4523809523809524,0.48936170212765956,0.4418604651162791,0.7777777777777778,0.19148936170212766,0.21428571428571427
QHM-0000892,[O-][N+](=O)C1=CC=CC(C(=O)NCCC2=CNC3=C2C=CC=C3)=C1,Enzymatic,53,,,,,0.25806451612903225,0.25,0.40298507462686567,0.36507936507936506,0.3333333333333333,0.19402985074626866,0.25
QHM-0000891,CS(=O)(=O)NC1=CC=CC(C(=O)NCCC2=CC=CC=C2)=C1,Enzymatic,129,,,,,0.16923076923076924,0.31746031746031744,0.4603174603174603,0.2923076923076923,0.37254901960784315,0.16417910447761194,0.15873015873015872
QHM-0000890,NC1=CC(C(=O)NCC2=CC=C(Br)C=C2)=CC=C1,Enzymatic,125,,,,,0.2857142857142857,0.4186046511627907,0.5217391304347826,0.4090909090909091,0.6551724137931034,0.14285714285714285,0.3076923076923077
QHM-0000889,NCC1=CC=C(C#N)C=C1,Enzymatic,115,,,,,0.1111111111111111,0.20512820512820512,0.24444444444444444,0.17073170731707318,0.3076923076923077,0.10526315789473684,0.12121212121212122
QHM-0000886,CNC(=O)C1=CC(NS(C)(=O)=O)=CC=C1,Enzymatic,110,,,,,0.15517241379310345,0.37037037037037035,0.3387096774193548,0.29310344827586204,0.38636363636363635,0.1694915254237288,0.14285714285714285
QHM-0000884,CS(=O)(=O)NC1=CC=CC(C(=O)NCC2CCCCC2)=C1,Enzymatic,88,,,,,0.14925373134328357,0.3125,0.3880597014925373,0.26865671641791045,0.33962264150943394,0.1791044776119403,0.13846153846153847
QHM-0000883,[O-][N+](=O)C1=CC=CC(C(=O)C2C=NC3=C2C=CC=C3)=C1,Enzymatic,135,,,,,0.32,0.23728813559322035,0.28125,0.32142857142857145,0.2765957446808511,0.23636363636363636,0.2857142857142857
QHM-0000880,F[C@H]1CCN(C(=O)NC2=CC3=NC(C4=CC=C(F)C(F)=C4)=CN3C=N2)C1,Enzymatic,102,,,,,0.3793103448275862,0.29850746268656714,0.391304347826087,0.4666666666666667,0.27586206896551724,0.15492957746478872,0.3508771929824561
QHM-0000850,COC(=O)C1=CC=C([N+]([O-])=O)C=C1CBr,Enzymatic,125,,,,,0.3,0.2413793103448276,0.32786885245901637,0.15873015873015872,0.22916666666666666,0.24074074074074073,0.21568627450980393
QHM-0000836,CC1=CC2=NC(C3=CC=C(F)C(F)=C3)=CN2C(C)=C1,Enzymatic,129,,,,,0.5526315789473685,0.17857142857142858,0.22950819672131148,0.34,0.20454545454545456,0.19607843137254902,0.47368421052631576
QHM-0000828,CC1=CN2C(=NC(C3=CC=C(F)C(F)=C3)=C2CO)C=C1,Enzymatic,91,,,,,0.5111111111111111,0.22950819672131148,0.3770491803278688,0.3333333333333333,0.19230769230769232,0.22807017543859648,0.4772727272727273
QHM-0000808,CC1=CC=C(C2=NNC3=C2C=CC=C3)C=C1,Enzymatic,142,,,,,0.3783783783783784,0.1836734693877551,0.15517241379310345,0.40476190476190477,0.2857142857142857,0.15217391304347827,0.37142857142857144
QHM-0000805,NC1=CC=C2C(=O)N(CC3=CC=C(Br)C=C3)CC2=C1,Enzymatic,129,,,,,0.35294117647058826,0.288135593220339,0.39344262295081966,0.42592592592592593,0.4,0.22413793103448276,0.32
QHM-0000801,C1=NN(C2=CC=CC=N2)C2=CC=CC=C12,Enzymatic,115,,,,,0.3181818181818182,0.18181818181818182,0.1935483870967742,0.4666666666666667,0.2682926829268293,0.1111111111111111,0.34146341463414637
QHM-0000798,IC1=NNC2=CC=CC=C12,Enzymatic,97,,,,,0.3684210526315789,0.20408163265306123,0.1724137931034483,0.3333333333333333,0.21052631578947367,0.10204081632653061,0.4
QHM-0000795,CCCCN(CC1=C(C2=CC=CC=N2)N=C2C=C(C)C=CN12)C1=CC=C(F)C=C1,Enzymatic,106,,,,,0.38181818181818183,0.2028985507246377,0.29577464788732394,0.3333333333333333,0.20689655172413793,0.18181818181818182,0.32727272727272727
QHM-0000780,O=C1CC2=NC=CC=C2CN1,Enzymatic,78,,,,,0.32608695652173914,0.2830188679245283,0.4,0.5681818181818182,0.34146341463414637,0.21153846153846154,0.3181818181818182
QHM-0000771,[O-][N+](=O)C1=CC=C(CN2C=C(C3=CC=CC=C3)N=N2)C=C1,Enzymatic,63,,,,,0.2545454545454545,0.1875,0.26865671641791045,0.3275862068965517,0.23529411764705882,0.109375,0.24528301886792453
QHM-0000770,NC1=CC(C2=CN(C3=CC=C([N+]([O-])=O)C=C3)N=N2)=CC=C1,Enzymatic,80,,,,,0.2641509433962264,0.21311475409836064,0.22058823529411764,0.36363636363636365,0.2978723404255319,0.09523809523809523,0.2549019607843137
QHM-0000768,[O-][N+](=O)C1=CC=C(N2C=C(C3=CC=C(COCC4=CC=CC=C4)C=C3)N=N2)C=C1,Enzymatic,97,,,,,0.25862068965517243,0.19402985074626866,0.2535211267605634,0.3064516129032258,0.21818181818181817,0.13636363636363635,0.25
QHM-0000766,[O-][N+](=O)C1=CC(N2C=C(C3=CC=C(COCC4=CC=CC=C4)C=C3)N=N2)=CC=C1,Enzymatic,79,,,,,0.25862068965517243,0.19402985074626866,0.2535211267605634,0.3064516129032258,0.21818181818181817,0.13636363636363635,0.25
QHM-0000765,COC1=CC=C(C2=CN(C3=CC=CC([N+]([O-])=O)=C3)N=N2)C=C1,Enzymatic,76,,,,,0.27586206896551724,0.22727272727272727,0.21621621621621623,0.36666666666666664,0.23636363636363636,0.1875,0.24561403508771928
QHM-0000760,NC1=CC(C2=CN(CC3=CC=CC([N+]([O-])=O)=C3)N=N2)=CC=C1,Enzymatic,91,,,,,0.24561403508771928,0.2,0.27941176470588236,0.3389830508474576,0.27450980392156865,0.10606060606060606,0.23636363636363636
QHM-0000751,FC1=CC=C(NC(=O)NC2=CC(N3C=NN=N3)=CC=C2)C=C1,Enzymatic,122,,,,,0.3269230769230769,0.35714285714285715,0.3492063492063492,0.5098039215686274,0.3695652173913043,0.09230769230769231,0.3469387755102041
QHM-0000749,FC(F)(F)C1=CC=CC(NC(=O)NC2=CC(N3C=NN=N3)=CC=C2)=C1,Enzymatic,71,,,,,0.3018867924528302,0.38181818181818183,0.3709677419354839,0.5098039215686274,0.3695652173913043,0.09230769230769231,0.32
QHM-0000726,CC(C)=CCC1=C(O[Si](C)(C)C(C)(C)C)CC2=CC=CC=C2C1=O,Enzymatic,77,,,,,0.25,0.2413793103448276,0.19117647058823528,0.15873015873015872,0.1346153846153846,0.5581395348837209,0.19230769230769232
QHM-0000714,CC1=CC=C(CN2CC3=CC(N)=CC=C3C2=O)C=C1,Enzymatic,102,,,,,0.32,0.2807017543859649,0.36666666666666664,0.45098039215686275,0.4634146341463415,0.25925925925925924,0.26
QHM-0000712,[O-][N+](C1=CC=C2C(=C1)CN(C1=CC=C(Cl)C(F)=C1)C2=O)=O,Enzymatic,77,,,,,0.38596491228070173,0.2647058823529412,0.37681159420289856,0.359375,0.2807017543859649,0.22727272727272727,0.3333333333333333
QHM-0000707,NC1=CC=C2C(=O)N(CCN3CCOCC3)CC2=C1,Enzymatic,93,,,,,0.2786885245901639,0.25,0.40298507462686567,0.3870967741935484,0.3090909090909091,0.23076923076923078,0.25
QHM-0000625,CC(C)(Cl)C1=CN=NN1CC1=CC=C([N+]([O-])=O)C=C1,Enzymatic,116,,,,,0.2786885245901639,0.2318840579710145,0.3055555555555556,0.2463768115942029,0.2,0.15942028985507245,0.20967741935483872
QHM-0000622,CC(C)(O)C1=CN=NN1CC1=CC=C([N+]([O-])=O)C=C1,Enzymatic,113,,,,,0.24242424242424243,0.2535211267605634,0.3424657534246575,0.25,0.1875,0.21739130434782608,0.19696969696969696
QHM-0000619,NC1=CC(C2=CN=NN2CC2=CC=C([N+]([O-])=O)C=C2)=CC=C1,Enzymatic,165,,,,,0.2807017543859649,0.19402985074626866,0.3088235294117647,0.32786885245901637,0.2641509433962264,0.13636363636363635,0.22807017543859648
QHM-0000618,[O-][N+](=O)C1=CC(N2C=NN=N2)=C(Cl)C=C1,Enzymatic,149,,,,,0.34615384615384615,0.2222222222222222,0.2463768115942029,0.3,0.20754716981132076,0.1076923076923077,0.28846153846153844
QHM-0000586,CCCCN(CC1=C(C2=CC=CC=C2)N=C2C=CC(C)=CN12)C1=CC=CC(C(F)(F)F)=C1,Enzymatic,118,,,,,0.3508771929824561,0.23529411764705882,0.32857142857142857,0.3492063492063492,0.2033898305084746,0.1791044776119403,0.2982456140350877
QHM-0000529,CC1=CN2C(CN3CCCC3)=C(C3=CC=CC=C3)N=C2C=C1,Enzymatic,107,,,,,0.34,0.13846153846153847,0.23880597014925373,0.3392857142857143,0.19607843137254902,0.1694915254237288,0.28
QHM-0000516,NC1=CC2=NC(C3=CC=CC=C3)=CN2C=N1,Enzymatic,103,,,,,0.32558139534883723,0.20754716981132076,0.21666666666666667,0.5116279069767442,0.34210526315789475,0.11320754716981132,0.35
QHM-0000513,NC1=CC2=NC(C3=CC=C(F)C(F)=C3)=CN2C=N1,Enzymatic,105,,,,,0.46511627906976744,0.25,0.29508196721311475,0.4489795918367347,0.29545454545454547,0.14035087719298245,0.42857142857142855
QHM-0000491,CC1=CN2C=C(C3=CC=CC=C3)N=C2C=C1,Enzymatic,107,,,,,0.40540540540540543,0.1346153846153846,0.15254237288135594,0.3953488372093023,0.24324324324324326,0.14893617021276595,0.4
QHM-0000437,CS(=O)(=O)NC1=CC(N2C=NN=N2)=CC=C1,Enzymatic,113,,,,,0.20634920634920634,0.25757575757575757,0.24324324324324326,0.3333333333333333,0.25,0.09859154929577464,0.19672131147540983
QHM-0000417,NC1=CC2=NC(C3=CC=CC(C(F)(F)F)=C3)=CN2C=N1,Enzymatic,103,,,,,0.37777777777777777,0.3018867924528302,0.3,0.48936170212765956,0.3023255813953488,0.10344827586206896,0.40476190476190477
QHM-0000412,CC1=CC2=NC(C3=CC=CC=N3)=CN2C=C1,Enzymatic,93,,,,,0.39473684210526316,0.15384615384615385,0.15,0.4186046511627907,0.23684210526315788,0.14583333333333334,0.3888888888888889
QHM-0000378,CS(=O)(=O)NC1=CC=CC(C(=O)NCC2=CC=CC=C2)=C1,Enzymatic,102,,,,,0.18032786885245902,0.3389830508474576,0.4426229508196721,0.3114754098360656,0.40425531914893614,0.1746031746031746,0.1694915254237288
QHM-0000376,NC1=CC=CC(C(=O)NCC2=CC=CC=C2)=C1,Enzymatic,106,,,,,0.21951219512195122,0.3902439024390244,0.5,0.45,0.76,0.15555555555555556,0.23684210526315788
QHM-0000326,[O-][N+](=O)C1=CC=CC(C2=NCCO2)=C1,Enzymatic,97,,,,,0.19672131147540983,0.23076923076923078,0.3088235294117647,0.265625,0.24074074074074073,0.10294117647058823,0.1864406779661017
QHM-0000321,CS(=O)(=O)NC1=CC=CC(C2=NC3=C(N2)C=CC=C3)=C1,Enzymatic,106,,,,,0.26666666666666666,0.25757575757575757,0.2777777777777778,0.4,0.2962962962962963,0.14705882352941177,0.25862068965517243
QHM-0000298,OC1=C(N2CCN(C3=CC=C(Cl)C=C3)CC2)C(=O)C2=CC=CC=C2C1=O,Enzymatic,95,,,,,0.36065573770491804,0.30434782608695654,0.39436619718309857,0.3382352941176471,0.203125,0.3492063492063492,0.3559322033898305
QHM-0000218,CCOC(=O)C1=C(C2=CC=C(C)C=C2)OC2=NC=CC=C12,Enzymatic,49,,,,,0.5116279069767442,0.2631578947368421,0.32786885245901637,0.37735849056603776,0.2826086956521739,0.3673469387755102,0.4418604651162791
QHM-0000120,OC(CNCCCc1ccccc1)c1ccccc1,Enzymatic,128,,,,,0.16326530612244897,0.20754716981132076,0.40384615384615385,0.18181818181818182,0.24390243902439024,0.20408163265306123,0.2
QHM-0000119,OC(CNCCc1ccccc1)c1ccccc1,Enzymatic,118,,,,,0.1702127659574468,0.21568627450980393,0.42,0.18867924528301888,0.2564102564102564,0.1875,0.20930232558139536
QHM-0000118,OC(CNCc1ccccc1)c1ccccc1,Enzymatic,105,,,,,0.18604651162790697,0.23404255319148937,0.425531914893617,0.20408163265306123,0.2857142857142857,0.20454545454545456,0.23076923076923078
QHM-0000117,C(CCc1ccccc1)CN1CC1c1ccccc1,Enzymatic,117,,,,,0.25,0.10714285714285714,0.22413793103448276,0.21153846153846154,0.1951219512195122,0.11764705882352941,0.23809523809523808
QHM-0001050,ClC1=NC2=CC=CC=C2NC1=O,Enzymatic,88,,,,,0.5128205128205128,0.2692307692307692,0.36363636363636365,0.5581395348837209,0.358974358974359,0.24489795918367346,0.47368421052631576
QHM-0000939,O=C1C(NC2=CC=C(OC)C=C2)=NC2=CC=CC=C2N1,Enzymatic,64,,,,,0.4166666666666667,0.36363636363636365,0.423728813559322,0.6170212765957447,0.4418604651162791,0.2962962962962963,0.3541666666666667
QHM-0000940,O=C1C(NC2=CC=C(Cl)C=C2)=NC2=CC=CC=C2N1,Enzymatic,95,,,,,0.43478260869565216,0.32727272727272727,0.43859649122807015,0.6444444444444445,0.42857142857142855,0.21428571428571427,0.4
QHM-0000942,O=C1C(NC2=CC3=C(OCCO3)C=C2)=NC2=CC=CC=C2N1,Enzymatic,"108,5",,,,,0.3392857142857143,0.3225806451612903,0.46774193548387094,0.5660377358490566,0.35294117647058826,0.2833333333333333,0.3090909090909091
QHM-0000941,O=C1C(NC2=CC=C(F)C=C2)=NC2=CC=CC=C2N1,Enzymatic,98,,,,,0.4666666666666667,0.35185185185185186,0.4642857142857143,0.6444444444444445,0.42857142857142855,0.21428571428571427,0.4318181818181818
QHM-0001051,O=C1NC(N2CCN(C3=CC=CC=C3)CC2)=NC2=CC=CC=C12,Enzymatic,"115,15",,,,,0.26666666666666666,0.27692307692307694,0.3333333333333333,0.6470588235294118,0.32075471698113206,0.16417910447761194,0.2807017543859649
QHM-0000933,OC1=NC(O)=NC2=CC=CC=C12,Enzymatic,121,,,,,0.36363636363636365,0.3958333333333333,0.3333333333333333,0.6585365853658537,0.3170731707317073,0.2653061224489796,0.425
QHM-0000001,CC(C)=CCC1=C(O)C(=O)C2=CC=CC=C2C1=O,Enzymatic,,"7,113509275","5,823908741","4,173925197",Y,0.3023255813953488,0.2857142857142857,0.2413793103448276,0.18518518518518517,0.16279069767441862,1.0,0.2619047619047619
QHM-0000011,OC1=C(NC2=CC=CC=C2Cl)C(=O)C2=C(C=CC=C2)C1=O,Enzymatic,,"6,698970004","5,638272164","4,113509275",,0.3829787234042553,0.44,0.4727272727272727,0.35185185185185186,0.3111111111111111,0.4888888888888889,0.37777777777777777
QHM-0000020,CC(C)CCC1=C(O)C(=O)C2=C(C=CC=C2)C1=O,Enzymatic,,"6,498940738","5,744727495","4,124938737",,0.2765957446808511,0.2641509433962264,0.22580645161290322,0.1724137931034483,0.14893617021276595,0.8787878787878788,0.2391304347826087
QHM-0000034,OC1=C(NC2=CC=C(Cl)C=C2)C(=O)C2=C(C=CC=C2)C1=O,Enzymatic,,"6,019996628",ND,ND,,0.3829787234042553,0.44,0.4727272727272727,0.35185185185185186,0.3111111111111111,0.4888888888888889,0.37777777777777777
QHM-0000110,OC1=C(Nc2cccc(C(F)(F)F)c2)C(=O)c2ccccc2C1=O,Enzymatic,,"6,627087997","5,823908741","4,318758763",,0.375,0.5208333333333334,0.5471698113207547,0.37037037037037035,0.30434782608695654,0.4782608695652174,0.3695652173913043
QHM-0000230,OC1=C(NC2=CC=C(F)C=C2)C(=O)C2=CC=CC=C2C1=O,Enzymatic,,"5,711750774","5,920818754","5,920818754",,0.41304347826086957,0.46938775510204084,0.5,0.35185185185185186,0.3111111111111111,0.4888888888888889,0.4090909090909091
A1,NCC1CCCCO1,Crystallographic,ND,ND,ND,ND,,0.15217391304347827,0.15384615384615385,0.23214285714285715,0.1509433962264151,0.175,0.14583333333333334,0.16279069767441862
A2,C1CC1c1cscn1,Crystallographic,ND,ND,ND,ND,,0.22857142857142856,0.08695652173913043,0.07272727272727272,0.21428571428571427,0.12121212121212122,0.046511627906976744,0.25
A3,OCc1cccc(Cl)c1,Crystallographic,ND,ND,ND,ND,,0.24242424242424243,0.2,0.2391304347826087,0.08888888888888889,0.12903225806451613,0.19444444444444445,0.3103448275862069
A4,Nc1cccc(n1)C(F)(F)F,Crystallographic,ND,ND,ND,ND,,0.32432432432432434,0.36585365853658536,0.3,0.3902439024390244,0.34375,0.0625,0.35294117647058826
A5,Oc1cccc2CCCc12,Crystallographic,ND,ND,ND,ND,,0.21052631578947367,0.15217391304347827,0.12727272727272726,0.2,0.1111111111111111,0.37142857142857144,0.22857142857142856
A6,CSc1nccnn1,Crystallographic,ND,ND,ND,ND,,0.23809523809523808,0.18,0.13333333333333333,0.30434782608695654,0.1794871794871795,0.08,0.225
A7,Nc1ncccc1CO,Crystallographic,ND,ND,ND,ND,,0.29545454545454547,0.3333333333333333,0.40384615384615385,0.3829787234042553,0.34210526315789475,0.20408163265306123,0.2857142857142857
A8,OC(=O)C1CCCOC1,Crystallographic,ND,ND,ND,ND,,0.21428571428571427,0.16,0.19642857142857142,0.11320754716981132,0.0975609756097561,0.23255813953488372,0.2631578947368421
A9,Nc1nsc2ncccc12,Crystallographic,ND,ND,ND,ND,,0.24489795918367346,0.19298245614035087,0.18461538461538463,0.40816326530612246,0.27906976744186046,0.08620689655172414,0.2608695652173913
A10,OCCc1ccccn1,Crystallographic,ND,ND,ND,ND,,0.2894736842105263,0.19148936170212766,0.3,0.2391304347826087,0.16216216216216217,0.1590909090909091,0.35294117647058826
A11,CCOc1ccnc(F)c1,Crystallographic,ND,ND,ND,ND,,0.43243243243243246,0.2765957446808511,0.23214285714285715,0.2978723404255319,0.175,0.2222222222222222,0.42857142857142855
A12,CC(C)c1noc(O)n1,Crystallographic,ND,ND,ND,ND,Y,0.23529411764705882,0.25,0.25396825396825395,0.33962264150943394,0.1875,0.2037037037037037,0.25
B1,NC(=O)c1cccnc1,Crystallographic,ND,ND,ND,ND,Y,0.3055555555555556,0.38461538461538464,0.2857142857142857,0.5277777777777778,0.5185185185185185,0.11363636363636363,0.3333333333333333
B2,C1CNCc2ccccc12,Crystallographic,ND,ND,ND,ND,,0.2682926829268293,0.11320754716981132,0.23636363636363636,0.25,0.1794871794871795,0.14893617021276595,0.2564102564102564
B3,CCC(N)c1ccccc1O,Crystallographic,ND,ND,ND,ND,,0.23255813953488372,0.3333333333333333,0.35294117647058826,0.2708333333333333,0.3055555555555556,0.30952380952380953,0.19047619047619047
B4,COc1ccccc1C(N)C#N,Crystallographic,ND,ND,ND,ND,,0.25,0.32558139534883723,0.2692307692307692,0.28888888888888886,0.3333333333333333,0.2682926829268293,0.175
B5,CC(=O)c1ccccc1C(=O)O,Crystallographic,ND,ND,ND,ND,,0.3548387096774194,0.2564102564102564,0.28888888888888886,0.1111111111111111,0.2,0.4666666666666667,0.3
B6,CC(O)c1ccc(cc1)[N+](=O)[O-],Crystallographic,ND,ND,ND,ND,,0.2222222222222222,0.2916666666666667,0.22413793103448276,0.16666666666666666,0.2564102564102564,0.2127659574468085,0.20930232558139536
B7,CCN(CC)c1cccc(NC(=O)C)c1,Crystallographic,ND,ND,ND,ND,Y,0.16666666666666666,0.3695652173913043,0.3333333333333333,0.3333333333333333,0.47058823529411764,0.1836734693877551,0.15217391304347827
B8,CCOC(=O)N1Cc2ccncc2C1,Crystallographic,ND,ND,ND,ND,,0.35294117647058826,0.26666666666666666,0.2878787878787879,0.3508771929824561,0.23529411764705882,0.2033898305084746,0.32
B9,c1cc(c(cc1CON)Cl)Cl,Crystallographic,ND,ND,ND,ND,Y,0.2619047619047619,0.17647058823529413,0.2777777777777778,0.10909090909090909,0.175,0.1702127659574468,0.21951219512195122
B10,B(c1ccccc1)(O)O,Crystallographic,ND,ND,ND,ND,,0.13513513513513514,0.16666666666666666,0.13725490196078433,0.13636363636363635,0.16129032258064516,0.15789473684210525,0.18181818181818182
B11,Oc1ccc(cc1)C(F)(F)F,Crystallographic,ND,ND,ND,ND,,0.23529411764705882,0.32432432432432434,0.23404255319148937,0.19047619047619047,0.125,0.2571428571428571,0.3
B12,c1c(cncc1C(F)(F)F)C#N,Crystallographic,ND,ND,ND,ND,,0.34375,0.3157894736842105,0.20408163265306123,0.275,0.15625,0.07142857142857142,0.3793103448275862
C1,Nc1cc(ccc1Cl)C(F)(F)F,Crystallographic,ND,ND,ND,ND,,0.3142857142857143,0.358974358974359,0.34782608695652173,0.22727272727272727,0.3333333333333333,0.11627906976744186,0.2647058823529412
C2,COc1c(F)c(F)cc(C(=O)O)c1F,Crystallographic,ND,ND,ND,ND,Y,0.42857142857142855,0.29545454545454547,0.29411764705882354,0.16,0.15789473684210525,0.40540540540540543,0.38235294117647056
C3,COc1cc(Cl)nc(SC)n1,Crystallographic,ND,ND,ND,ND,,0.3125,0.32075471698113206,0.234375,0.4489795918367347,0.2391304347826087,0.16071428571428573,0.30434782608695654
C4,COc1ccnc(NN)n1,Crystallographic,ND,ND,ND,ND,,0.2222222222222222,0.37735849056603776,0.30158730158730157,0.6086956521739131,0.3953488372093023,0.13333333333333333,0.21153846153846154
C5,COc1cc(CN)ccn1,Crystallographic,ND,ND,ND,ND,,0.27906976744186046,0.2916666666666667,0.3148148148148148,0.4318181818181818,0.4,0.1875,0.2682926829268293
C6,CC(=O)Nc1ccc(C)c(Cl)c1,Crystallographic,ND,ND,ND,ND,,0.3611111111111111,0.4358974358974359,0.3829787234042553,0.32558139534883723,0.5357142857142857,0.21428571428571427,0.2777777777777778
C7,C1CC(=O)Nc2ccccc12,Crystallographic,ND,ND,ND,ND,,0.3333333333333333,0.26,0.3333333333333333,0.4883720930232558,0.3888888888888889,0.2608695652173913,0.325
C8,CN1C(O)c2ccccc2C1=O,Crystallographic,ND,ND,ND,ND,Y,0.38095238095238093,0.32653061224489793,0.27586206896551724,0.3469387755102041,0.3,0.36363636363636365,0.34146341463414637
C9,COc1ccc2OCCNc2c1,Crystallographic,ND,ND,ND,ND,,0.3137254901960784,0.23333333333333334,0.3387096774193548,0.36363636363636365,0.22,0.2545454545454545,0.28
C10,NC(=S)c1ccc2OCOc2c1,Crystallographic,ND,ND,ND,ND,,0.29545454545454547,0.20754716981132076,0.21666666666666667,0.25,0.21428571428571427,0.22916666666666666,0.2857142857142857
C11,CCN(CCC(=O)O)C(=O)c1cccs1,Crystallographic,ND,ND,ND,ND,,0.1896551724137931,0.2459016393442623,0.3709677419354839,0.18461538461538463,0.21153846153846154,0.22413793103448276,0.2
C12,CN(Cc1ccco1)c1cc(Cl)nc(N)n1,Crystallographic,ND,ND,ND,ND,,0.2727272727272727,0.2833333333333333,0.30303030303030304,0.3684210526315789,0.28,0.1076923076923077,0.2641509433962264
D1,Cc1csc(Cc2ccccn2)n1,Crystallographic,ND,ND,ND,ND,,0.28205128205128205,0.16326530612244897,0.15789473684210525,0.28888888888888886,0.2222222222222222,0.10638297872340426,0.2702702702702703
D2,CCCS(=O)(=O)Nc1cc(N)c(F)cc1F,Crystallographic,ND,ND,ND,ND,Y,0.21212121212121213,0.3384615384615385,0.4117647058823529,0.2054794520547945,0.2542372881355932,0.15492957746478872,0.16666666666666666
D3,CN1CCC(CC1)NC(=O)OC(C)(C)C,Crystallographic,ND,ND,ND,ND,,0.21311475409836064,0.3064516129032258,0.30434782608695654,0.26153846153846155,0.23636363636363636,0.1875,0.2033898305084746
D4,COC(=O)C(N)Cc1ccc(F)cc1,Crystallographic,ND,ND,ND,ND,,0.40540540540540543,0.3409090909090909,0.3877551020408163,0.17647058823529413,0.3142857142857143,0.2,0.4
D5,CC(C)(C)OC(=O)NCc1ncccc1F,Crystallographic,ND,ND,ND,ND,,0.44680851063829785,0.3888888888888889,0.5,0.288135593220339,0.2653061224489796,0.25,0.3829787234042553
D6,COc1cccc(c1)C(=O)N1CCCC1,Crystallographic,ND,ND,ND,ND,Y,0.23529411764705882,0.2727272727272727,0.25396825396825395,0.2909090909090909,0.26666666666666666,0.2037037037037037,0.22448979591836735
D7,Fc1ccccc1S(=O)(=O)NCc1ccco1,Crystallographic,ND,ND,ND,ND,,0.23809523809523808,0.2318840579710145,0.38235294117647056,0.16216216216216217,0.16129032258064516,0.15942028985507245,0.20967741935483872
D8,CN(C)C(=O)N(C)C1CCS(=O)(=O)C1,Crystallographic,ND,ND,ND,ND,Y,0.1111111111111111,0.20833333333333334,0.24675324675324675,0.2222222222222222,0.1746031746031746,0.17142857142857143,0.1
D9,COC(=O)c1cc(ccc1)Br,Crystallographic,ND,ND,ND,ND,,0.4,0.2564102564102564,0.20833333333333334,0.1111111111111111,0.2,0.2222222222222222,0.39285714285714285
D10,Cc1ccc(cc1)NC(C)(C)C(=O)O,Crystallographic,ND,ND,ND,ND,,0.275,0.4146341463414634,0.3958333333333333,0.2553191489361702,0.40625,0.2619047619047619,0.2972972972972973
D11,OC(=O)CCc1nccs1,Crystallographic,ND,ND,ND,ND,,0.2857142857142857,0.17307692307692307,0.25,0.19230769230769232,0.14285714285714285,0.19148936170212766,0.34210526315789475
D12,CCN(CCO)c1cc(OC)ncn1,Crystallographic,ND,ND,ND,ND,Y,0.19402985074626866,0.27941176470588236,0.352112676056338,0.375,0.23333333333333334,0.18840579710144928,0.203125
E1,COC(=O)c1cccc(N)c1O,Crystallographic,ND,ND,ND,ND,,0.29545454545454547,0.391304347826087,0.40384615384615385,0.3,0.3783783783783784,0.37209302325581395,0.2558139534883721
E2,COC(=O)C1CCCCN1,Crystallographic,ND,ND,ND,ND,,0.29545454545454547,0.20754716981132076,0.30357142857142855,0.2037037037037037,0.21428571428571427,0.1568627450980392,0.2857142857142857
E3,O=C1CCN(C(=O)N1)c1ccccc1,Crystallographic,ND,ND,ND,ND,,0.2413793103448276,0.3389830508474576,0.41935483870967744,0.5094339622641509,0.32,0.21311475409836064,0.23214285714285715
E4,Nc1cc(no1)c1ccccc1,Crystallographic,ND,ND,ND,ND,,0.23404255319148937,0.32653061224489793,0.2982456140350877,0.5,0.4444444444444444,0.07142857142857142,0.25
E5,Cc1ccccc1CC(=O)N,Crystallographic,ND,ND,ND,ND,,0.2631578947368421,0.30952380952380953,0.391304347826087,0.2727272727272727,0.5,0.25,0.18421052631578946
E6,OC1CC2CCC(C1)N2Cc1ccccc1,Crystallographic,ND,ND,ND,ND,Y,0.23529411764705882,0.1864406779661017,0.27419354838709675,0.26785714285714285,0.16326530612244897,0.22641509433962265,0.2765957446808511
E7,CN1CCCc2cc(CN)ccc12,Crystallographic,ND,ND,ND,ND,Y,0.26,0.16666666666666666,0.25396825396825395,0.26785714285714285,0.26666666666666666,0.18181818181818182,0.22448979591836735
E8,COCCc1nnc(N)o1,Crystallographic,ND,ND,ND,ND,,0.171875,0.3225806451612903,0.3382352941176471,0.3387096774193548,0.2777777777777778,0.1323529411764706,0.16129032258064516
E9,COC(=O)Cc1ccc(OC)cc1OC,Crystallographic,ND,ND,ND,ND,,0.2619047619047619,0.2,0.23214285714285715,0.1509433962264151,0.14634146341463414,0.4864864864864865,0.19047619047619047
E10,CC(=O)Nc1c(cc(cc1)F)[N+](=O)[O-],Crystallographic,ND,ND,ND,ND,,0.3137254901960784,0.39622641509433965,0.43103448275862066,0.2711864406779661,0.35555555555555557,0.1896551724137931,0.23076923076923078
E11,OCc1cnc(s1)N1CCOCC1,Crystallographic,ND,ND,ND,ND,,0.21311475409836064,0.22727272727272727,0.3235294117647059,0.30158730158730157,0.1724137931034483,0.11764705882352941,0.24561403508771928
E12,Cn1c2ccc(N)cc2oc1=O,Crystallographic,ND,ND,ND,ND,,0.34615384615384615,0.3275862068965517,0.34375,0.5,0.3617021276595745,0.2413793103448276,0.28846153846153844
F1,COCn1c2ccccc2nn1,Crystallographic,ND,ND,ND,ND,,0.24561403508771928,0.21875,0.27941176470588236,0.3389830508474576,0.22641509433962265,0.140625,0.23636363636363636
F2,CCOC(=O)c1c[nH]nc1C(F)(F)F,Crystallographic,ND,ND,ND,ND,,0.4,0.34615384615384615,0.3620689655172414,0.26785714285714285,0.1875,0.18181818181818182,0.3333333333333333
F3,COCCOCC(=O)Nc1cccc(F)c1,Crystallographic,ND,ND,ND,ND,Y,0.2641509433962264,0.37037037037037035,0.45614035087719296,0.22950819672131148,0.32608695652173914,0.21052631578947367,0.2549019607843137
F4,Cc1cc(CNCCS(=O)(=O)C)ccc1Br,Crystallographic,ND,ND,ND,ND,,0.1935483870967742,0.19117647058823528,0.3235294117647059,0.10810810810810811,0.13333333333333333,0.1875,0.14516129032258066
F5,NCCNc1ccccc1,Crystallographic,ND,ND,ND,ND,,0.1111111111111111,0.2391304347826087,0.40425531914893614,0.23404255319148937,0.375,0.08333333333333333,0.11904761904761904
F6,CC(C)(C)NC(=O)C1CCCCN1,Crystallographic,ND,ND,ND,ND,,0.18867924528301888,0.2727272727272727,0.38596491228070173,0.2909090909090909,0.32558139534883723,0.14035087719298245,0.17647058823529413
F7,CC(C)(C)OC(=O)c1cc(ncc1)Cl,Crystallographic,ND,ND,ND,ND,,0.5142857142857142,0.30434782608695654,0.23214285714285715,0.22,0.20512820512820512,0.25,0.5151515151515151
F8,CNCc1ccc(O)cc1,Crystallographic,ND,ND,ND,ND,,0.16666666666666666,0.2727272727272727,0.27450980392156865,0.2391304347826087,0.2647058823529412,0.275,0.1794871794871795
F9,Oc1ccc(cc1)c1ccccn1,Crystallographic,ND,ND,ND,ND,,0.4375,0.20454545454545456,0.19230769230769232,0.42105263157894735,0.25,0.2631578947368421,0.5357142857142857
F10,CC(N)c1ccc(OCC2CC2)c(F)c1,Crystallographic,ND,ND,ND,ND,,0.34146341463414637,0.2916666666666667,0.2909090909090909,0.21153846153846154,0.2564102564102564,0.26666666666666666,0.2682926829268293
F11,FS(=O)(=O)c1ccc(cc1)CCN,Crystallographic,ND,ND,ND,ND,,0.15789473684210525,0.21666666666666667,0.3225806451612903,0.12121212121212122,0.15384615384615385,0.11475409836065574,0.16666666666666666
F12,CC(C)NCc1ccc(nc1)N1CCCC1C,Crystallographic,ND,ND,ND,ND,,0.21052631578947367,0.1875,0.2318840579710145,0.3050847457627119,0.21153846153846154,0.14516129032258066,0.17857142857142858
G1,COC(=O)c1ccc2nccnc2c1,Crystallographic,ND,ND,ND,ND,,0.59375,0.23404255319148937,0.2641509433962264,0.40476190476190477,0.3235294117647059,0.2619047619047619,0.6
G2,COC(=O)COc1cccc(CN)c1,Crystallographic,ND,ND,ND,ND,,0.21739130434782608,0.23529411764705882,0.3090909090909091,0.20754716981132076,0.25,0.3488372093023256,0.20454545454545456
G3,CCOc1cccc(c1)C(=N)N,Crystallographic,ND,ND,ND,ND,,0.17391304347826086,0.2708333333333333,0.22807017543859648,0.3191489361702128,0.3333333333333333,0.21739130434782608,0.1590909090909091
G4,COc1ccc(NC(=O)C)cc1,Crystallographic,ND,ND,ND,ND,Y,0.24390243902439024,0.45,0.3137254901960784,0.40476190476190477,0.5,0.2926829268292683,0.23076923076923078
G5,CC(C)NC(=O)Nc1ccccc1,Crystallographic,ND,ND,ND,ND,,0.1951219512195122,0.4358974358974359,0.32653061224489793,0.46153846153846156,0.5925925925925926,0.18604651162790697,0.1794871794871795
G6,OC(=O)CNCc1cccc(F)c1,Crystallographic,ND,ND,ND,ND,,0.30952380952380953,0.3191489361702128,0.5106382978723404,0.16666666666666666,0.225,0.1875,0.3684210526315789
G7,Cn1cnnc1SCC(=O)O,Crystallographic,ND,ND,ND,ND,,0.2727272727272727,0.2222222222222222,0.30303030303030304,0.23809523809523808,0.16363636363636364,0.18032786885245902,0.24074074074074073
G8,CCNC(=O)CSc1nnc(o1)C(C)C,Crystallographic,ND,ND,ND,ND,Y,0.1774193548387097,0.25,0.3283582089552239,0.2857142857142857,0.24074074074074073,0.13636363636363635,0.16666666666666666
G9,CC(=O)NC(CCc1ccccc1)C(=O)O,Crystallographic,ND,ND,ND,ND,Y,0.2391304347826087,0.3617021276595745,0.4897959183673469,0.25,0.3783783783783784,0.2826086956521739,0.2558139534883721
G10,Clc1nnnn1c1ccccc1,Crystallographic,ND,ND,ND,ND,,0.3191489361702128,0.23214285714285715,0.25806451612903225,0.34615384615384615,0.21739130434782608,0.0847457627118644,0.2826086956521739
G11,CC(=O)Nc1cccc(CO)c1,Crystallographic,ND,ND,ND,ND,,0.24390243902439024,0.48717948717948717,0.45652173913043476,0.3409090909090909,0.5517241379310345,0.23255813953488372,0.2631578947368421
G12,O=C(N/N=C/c1cccs1)C1CC1,Crystallographic,ND,ND,ND,ND,Y,0.14285714285714285,0.23529411764705882,0.22033898305084745,0.2549019607843137,0.3157894736842105,0.09433962264150944,0.15217391304347827
H1,CCN(CC)CCOc1ccc(cc1)[N+](=O)[O-],Crystallographic,ND,ND,ND,ND,,0.15151515151515152,0.2028985507246377,0.2602739726027397,0.18309859154929578,0.1864406779661017,0.21875,0.12307692307692308
H2,O=C(CCC1CCCC1)N1CCNCC1,Crystallographic,ND,ND,ND,ND,,0.16666666666666666,0.20689655172413793,0.3389830508474576,0.2909090909090909,0.26666666666666666,0.08333333333333333,0.17647058823529413
H3,CC(N(C)C(=O)OCc1ccccc1)C(=O)O,Crystallographic,ND,ND,ND,ND,,0.23404255319148937,0.3,0.37037037037037035,0.2,0.2682926829268293,0.2765957446808511,0.25
H4,O=C(NCC#N)OCc1ccccc1,Crystallographic,ND,ND,ND,ND,,0.21739130434782608,0.3404255319148936,0.44,0.2549019607843137,0.3157894736842105,0.1836734693877551,0.23255813953488372
H5,Cc1cc(NCc2cccnc2)nc(N)n1,Crystallographic,ND,ND,ND,ND,,0.26666666666666666,0.30612244897959184,0.35185185185185186,0.5116279069767442,0.4166666666666667,0.11320754716981132,0.2558139534883721
H6,CCOC(=O)/C=C/c1ccc(N)cc1,Crystallographic,ND,ND,ND,ND,,0.2894736842105263,0.36585365853658536,0.32653061224489793,0.2391304347826087,0.43333333333333335,0.24390243902439024,0.2777777777777778
H7,Oc1ccc(NC(=O)Cn2cccn2)cc1,Crystallographic,ND,ND,ND,ND,Y,0.21666666666666667,0.3793103448275862,0.48333333333333334,0.4727272727272727,0.34,0.19047619047619047,0.25
H8,CN(Cc1cnn(C)c1)C(=O)C1CCC=CC1,Crystallographic,ND,ND,ND,ND,Y,0.19642857142857142,0.2542372881355932,0.22058823529411764,0.29310344827586204,0.2708333333333333,0.15,0.18518518518518517
H9,FC(N1CN(F)C=N1)C(=O)c1ccccc1,Crystallographic,ND,ND,ND,ND,,0.25,0.2631578947368421,0.2857142857142857,0.25862068965517243,0.18,0.09836065573770492,0.2653061224489796
H10,CC(NCCn1cccn1)c1ccc(F)cc1,Crystallographic,ND,ND,ND,ND,,0.2692307692307692,0.21666666666666667,0.30158730158730157,0.23333333333333334,0.2,0.0967741935483871,0.26
H11,O=C(NCC1CCCO1)NC1CCCC1,Crystallographic,ND,ND,ND,ND,,0.13793103448275862,0.2807017543859649,0.3898305084745763,0.27586206896551724,0.25,0.13333333333333333,0.14545454545454545
H12,c1csc(c1)CCNC(=O)c1ccncc1,Crystallographic,ND,ND,ND,ND,,0.2553191489361702,0.24528301886792453,0.36363636363636365,0.3958333333333333,0.358974358974359,0.10909090909090909,0.2727272727272727
2A,FC1=CC=C(N=C(C2=CC=CC=C2)C=C3C(O)=O)C3=C1,VS - Target fishing,2,"5,714442691",ND,ND,Y,0.8214285714285714,0.28888888888888886,0.3137254901960784,0.37209302325581395,0.25,0.2619047619047619,1.0
2B,FC1=CC=C(N=C(C2=CC=C(C)C=C2)C=C3C(O)=O)C3=C1,VS - Target fishing,"0,42","5,769551079",ND,ND,Y,0.8571428571428571,0.3111111111111111,0.3076923076923077,0.36363636363636365,0.2777777777777778,0.2857142857142857,0.96
2C,FC1=CC=C(N=C(C2=CC=CC=C2C)C=C3C(O)=O)C3=C1,VS - Target fishing,"5,9","5,823908741",ND,ND,Y,0.9285714285714286,0.2978723404255319,0.34615384615384615,0.34782608695652173,0.2631578947368421,0.3333333333333333,0.8888888888888888
2D,FC1=CC=C(N=C(C2=CC=C(C3=CC=CC=C3)C=C2)C=C4C(O)=O)C4=C1,VS - Target fishing,2,"7,568636236",ND,ND,Y,0.8214285714285714,0.28888888888888886,0.3137254901960784,0.37209302325581395,0.25,0.2619047619047619,1.0
2E,FC1=CC=C(N=C(C2=CC=C(C=CC=C3)C3=C2)C=C4C(O)=O)C4=C1,VS - Target fishing,"1,3","6,337242168",ND,ND,Y,0.8214285714285714,0.28888888888888886,0.3137254901960784,0.37209302325581395,0.25,0.2619047619047619,1.0
2F,FC1=CC=C(N=C(C2=CC=C(F)C=C2)C=C3C(O)=O)C3=C1,VS - Target fishing,"1,2","6,036212173",ND,ND,Y,0.8214285714285714,0.28888888888888886,0.3137254901960784,0.37209302325581395,0.25,0.2619047619047619,1.0
2H,FC1=CC=C(N=C(C2=CC=C(O)C=C2)C=C3C(O)=O)C3=C1,VS - Target fishing,"4,4","5,050609993",ND,ND,,0.6764705882352942,0.30612244897959184,0.32727272727272727,0.4444444444444444,0.24390243902439024,0.3409090909090909,0.8
2I,FC1=CC=C(N=C(C2=CC=CC(O)=C2)C=C3C(O)=O)C3=C1,VS - Target fishing,"8,62","4,769551079",ND,ND,,0.6764705882352942,0.30612244897959184,0.32727272727272727,0.4444444444444444,0.24390243902439024,0.3409090909090909,0.8
2J,FC1=CC=C(N=C(C2=CC=C(OC)C=C2)C=C3C(O)=O)C3=C1,VS - Target fishing,"0,8","5,943095149",ND,ND,Y,0.6857142857142857,0.29411764705882354,0.29310344827586204,0.3958333333333333,0.23255813953488372,0.35555555555555557,0.75
2K,FC1=CC=C(N=C(C2=CC(OCO3)=C3C=C2)C=C4C(O)=O)C4=C1,VS - Target fishing,"1,3","5,568636236",ND,ND,Y,0.6,0.24561403508771928,0.3114754098360656,0.3333333333333333,0.1836734693877551,0.29411764705882354,0.6486486486486487
Brequinar,Cc1c(nc2ccc(F)cc2c1C([O-])=O)-c3ccc(cc3)-c4ccccc4F,,,,,,,1.0,0.2708333333333333,0.32075471698113206,0.34782608695652173,0.2631578947368421,0.3023255813953488,0.8214285714285714
Teriflunomida,O=C(NC1=CC=C(C=C1)C(F)(F)F)/C(C#N)=C(C)\O,,,,,,,0.2708333333333333,1.0,0.5098039215686274,0.38,0.4473684210526316,0.2857142857142857,0.28888888888888886
