SMILES,Outcome_letters,Outcome,Tanimoto_a,Tanimoto_b,Tanimoto_c,Tanimoto_d,Tanimoto_e,Tanimoto_f,Tanimoto_g,Tanimoto_h
O=C(O)C1CCC(CN)CC1,INATIVO,0.0,0.2,0.22972972972972974,0.3170731707317073,0.23529411764705882,0.28846153846153844,0.25925925925925924,0.27450980392156865,0.3018867924528302
O=C(O)COC(=O)CC=1C=CC=CC1NC=2C(Cl)=CC=CC2Cl,INATIVO,0.0,0.39344262295081966,0.38666666666666666,0.3673469387755102,0.26666666666666666,0.3114754098360656,0.24615384615384617,0.3448275862068966,0.3225806451612903
O=C(O)COC(=O)CC=1C=2C=C(OC)C=CC2N(C(=O)C3=CC=C(Cl)C=C3)C1C,INATIVO,0.0,0.5454545454545454,0.5714285714285714,0.3770491803278688,0.30985915492957744,0.3472222222222222,0.30666666666666664,0.4393939393939394,0.39436619718309857
O=C(NC1=CC=C(O)C=C1)C,INATIVO,0.0,0.44,0.28169014084507044,0.22727272727272727,0.21153846153846154,0.19642857142857142,0.19298245614035087,0.27450980392156865,0.21052631578947367
O=C1N=C(N)NC2=C1N=CN2COCCO,INATIVO,0.0,0.4125,0.5348837209302325,0.25,0.23809523809523808,0.2857142857142857,0.23863636363636365,0.2926829268292683,0.30952380952380953
O=C(O)COC1=CC=C(C(=O)C(=C)CC)C(Cl)=C1Cl,INATIVO,0.0,0.3548387096774194,0.32051282051282054,0.4666666666666667,0.41509433962264153,0.46296296296296297,0.3793103448275862,0.4528301886792453,0.39655172413793105
O=C(O)COC1=CC=C(C(=O)C(=C)CC)C(Cl)=C1Cl,INATIVO,0.0,0.3548387096774194,0.32051282051282054,0.4666666666666667,0.41509433962264153,0.46296296296296297,0.3793103448275862,0.4528301886792453,0.39655172413793105
O=C(O)C1=CC=CN=C1NC2=CC=CC(=C2)C(F)(F)F,INATIVO,0.0,0.4067796610169492,0.34210526315789475,0.16071428571428573,0.15625,0.14705882352941177,0.1791044776119403,0.22580645161290322,0.19402985074626866
O=C(O)C=1C=CC=CC1O,INATIVO,0.0,0.3877551020408163,0.22535211267605634,0.3157894736842105,0.3111111111111111,0.2857142857142857,0.2549019607843137,0.4523809523809524,0.3
O=C(O)C(C=1SC(=CC1)C(=O)C=2C=CC=CC2)C,INATIVO ,0.0,0.3269230769230769,0.23943661971830985,0.3076923076923077,0.25,0.23076923076923078,0.22641509433962265,0.2916666666666667,0.29411764705882354
O=C(O)C=1C=CC=CC1OC(=O)C,INATIVO,0.0,0.42857142857142855,0.2714285714285714,0.4444444444444444,0.35555555555555557,0.32653061224489793,0.32,0.5,0.34
O=C(O)C=CC=1N=C(C=CC1)C(=CCN2CCCC2)C3=CC=C(C=C3)C,INATIVO,0.0,0.3088235294117647,0.42105263157894735,0.26785714285714285,0.23076923076923078,0.2537313432835821,0.26865671641791045,0.22388059701492538,0.36507936507936506
O=C(OC)NC1=NC=2C=C(SCCC)C=CC2N1,INATIVO,0.0,0.4057971014492754,0.46835443037974683,0.19696969696969696,0.2054794520547945,0.22666666666666666,0.2236842105263158,0.2676056338028169,0.25333333333333335
O=P(O)(O)C(O)(CCCN)P(=O)(O)O,INATIVO,0.0,0.22857142857142856,0.26506024096385544,0.25925925925925924,0.2833333333333333,0.32786885245901637,0.3898305084745763,0.27419354838709675,0.27692307692307694
O=C(O)C(C1=CC=C(C=C1)NCC(=C)C)C,INATIVO,0.0,0.3103448275862069,0.28378378378378377,0.23404255319148937,0.28846153846153844,0.33962264150943394,0.2857142857142857,0.2545454545454545,0.2807017543859649
O=C1N=CNC=2NN=CC12,INATIVO,0.0,0.39344262295081966,0.31645569620253167,0.09836065573770492,0.13432835820895522,0.1267605633802817,0.14084507042253522,0.18181818181818182,0.18840579710144928
O=C(NC(=N)N)C1=NC(Cl)=C(N=C1N)N,INATIVO,0.0,0.3283582089552239,0.27058823529411763,0.07575757575757576,0.0958904109589041,0.09090909090909091,0.1038961038961039,0.1388888888888889,0.11688311688311688
O=C1C(N)=C(N(N1C=2C=CC=CC2)C)C,INATIVO,0.0,0.4444444444444444,0.375,0.12307692307692308,0.1388888888888889,0.13157894736842105,0.14473684210526316,0.2,0.17333333333333334
O=C(OC)C1=C(NC(=C(C(=O)OCC)C1C=2C=CC=CC2Cl)COCCN)C,INATIVO,0.0,0.36363636363636365,0.47619047619047616,0.3181818181818182,0.3333333333333333,0.3888888888888889,0.3466666666666667,0.38028169014084506,0.3972602739726027
O=C(O)C1N2C(=O)C(NC(=O)C(N)C3=CC=C(O)C=C3)C2SC1(C)C,INATIVO,0.0,0.5692307692307692,0.5125,0.23529411764705882,0.2916666666666667,0.27631578947368424,0.2564102564102564,0.3013698630136986,0.33783783783783783
O=C(O)C1N2C(=O)C(NC(=O)C(N)C=3C=CC=CC3)C2SC1(C)C,INATIVO,0.0,0.5384615384615384,0.5063291139240507,0.22388059701492538,0.28169014084507044,0.26666666666666666,0.24675324675324675,0.273972602739726,0.3287671232876712
O=C(O)C1C(O)CC(=O)CC(O)CC(O)C(O)CCC(O)CC(O)CC(=O)OC(C)C(C)C(O)C(C=CC=CC=CC=CC=CC=CC=CC(OC2OC(C)C(O)C(N)C2O)CC1O)C,INATIVO,0.0,0.5573770491803278,0.52,0.5714285714285714,0.5925925925925926,0.5517241379310345,0.46774193548387094,0.6296296296296297,0.6428571428571429
O=C(O)CC(N)C(=O)O,INATIVO,0.0,0.32727272727272727,0.2777777777777778,0.30952380952380953,0.28,0.2830188679245283,0.21052631578947367,0.2692307692307692,0.2727272727272727
FC1=CC=C(C=C1)CN2C(=NC=3C=CC=CC32)NC4CCN(CCC5=CC=C(OC)C=C5)CC4,INATIVO,0.0,0.34177215189873417,0.45348837209302323,0.23943661971830985,0.18292682926829268,0.20238095238095238,0.2,0.2857142857142857,0.2875
O=C(N)CC1=CC=C(OCC(O)CNC(C)C)C=C1,INATIVO,0.0,0.4444444444444444,0.4473684210526316,0.32727272727272727,0.30158730158730157,0.36507936507936506,0.24285714285714285,0.3548387096774194,0.31343283582089554
O=C1N2C=3C=C(C=CC3N=C(N2C(=O)C1CCC)N(C)C)C,INATIVO,0.0,0.4383561643835616,0.5121951219512195,0.1917808219178082,0.23076923076923078,0.2345679012345679,0.23170731707317074,0.2894736842105263,0.3076923076923077
O=C1OC(CC)C(O)(C)C(O)C(N(C)CC(C)CC(O)(C)C(OC2OC(C)CC(N(C)C)C2O)C(C)C(OC3OC(C)C(O)C(OC)(C)C3)C1C)C,INATIVO,0.0,0.4583333333333333,0.7222222222222222,0.4032258064516129,0.45454545454545453,0.47058823529411764,0.3835616438356164,0.4626865671641791,0.5
O=C(O)C1=CC(N=NC2=CC=C(C=C2)C(=O)NCCC(=O)O)=CC=C1O,INATIVO,0.0,0.49230769230769234,0.4146341463414634,0.3389830508474576,0.31343283582089554,0.35294117647058826,0.273972602739726,0.40625,0.34285714285714286
O=C(O)CN1C(=O)C(NC(C(=O)OCC)CCC=2C=CC=CC2)CCC=3C=CC=CC31,INATIVO,0.0,0.4788732394366197,0.55,0.359375,0.3150684931506849,0.35135135135135137,0.3116883116883117,0.42028985507246375,0.3783783783783784
O=S(=O)(N)C1=CC2=C(C=C1C(F)(F)F)NC(NS2(=O)=O)CC=3C=CC=CC3,INATIVO,0.0,0.3493975903614458,0.32323232323232326,0.14634146341463414,0.15730337078651685,0.16304347826086957,0.22727272727272727,0.20689655172413793,0.1978021978021978
N1=C(OCCCN(C)C)C=2C=CC=CC2N1CC=3C=CC=CC3,INATIVO,0.0,0.3783783783783784,0.5316455696202531,0.21739130434782608,0.2077922077922078,0.24358974358974358,0.225,0.28378378378378377,0.2692307692307692
O=C(O)C(OC1=CC=C(C=C1)CCNC(=O)C2=CC=C(Cl)C=C2)(C)C,INATIVO,0.0,0.49206349206349204,0.43037974683544306,0.35714285714285715,0.3076923076923077,0.3484848484848485,0.30434782608695654,0.38095238095238093,0.3382352941176471
O=C(O)C(C1=CC=C(C=C1)CCN2CCC(C3=NC=4C=CC=CC4N3CCOCC)CC2)(C)C,INATIVO,0.0,0.38961038961038963,0.5949367088607594,0.2898550724637681,0.2564102564102564,0.2911392405063291,0.3037974683544304,0.3333333333333333,0.3684210526315789
OC(COC1=CC=C(C=C1)COCCOC(C)C)CNC(C)C,INATIVO,0.0,0.4,0.4473684210526316,0.43137254901960786,0.3898305084745763,0.4576271186440678,0.3384615384615385,0.4482758620689655,0.41935483870967744
O=C(OC1CC2CCC3C(CCC4(C)C(OC(=O)C)C(CC34)[N+]5(C)CCCCC5)C2(C)CC1[N+]6(C)CCCCC6)C,INATIVO,0.0,0.40540540540540543,0.5974025974025974,0.3870967741935484,0.35714285714285715,0.3561643835616438,0.3888888888888889,0.4264705882352941,0.44285714285714284
O=C(O)CC=1C=CC=C(C(=O)C2=CC=C(Br)C=C2)C1N,INATIVO,0.0,0.3898305084745763,0.32894736842105265,0.30612244897959184,0.25862068965517243,0.26229508196721313,0.21875,0.3157894736842105,0.29508196721311475
OC1=CC=C(C=C1)CC(NCC(O)C=2C=C(O)C=C(O)C2)C,INATIVO,0.0,0.423728813559322,0.3918918918918919,0.3469387755102041,0.3157894736842105,0.3620689655172414,0.2698412698412698,0.375,0.3728813559322034
O=C(NCCN(CC)CC)C=1C=C(Br)C(N)=CC1OC,INATIVO,0.0,0.3684210526315789,0.4642857142857143,0.2647058823529412,0.26666666666666666,0.3026315789473684,0.28205128205128205,0.36619718309859156,0.2948717948717949
O=C(NO)CC1=CC=C(OCCCC)C=C1,INATIVO,0.0,0.35294117647058826,0.3875,0.39622641509433965,0.31746031746031744,0.359375,0.3333333333333333,0.39344262295081966,0.3283582089552239
O=C(O)C=1C=C(NCCCC)C(OC=2C=CC=CC2)=C(C1)S(=O)(=O)N,INATIVO,0.0,0.39285714285714285,0.43157894736842106,0.3026315789473684,0.27058823529411763,0.3023255813953488,0.34523809523809523,0.34146341463414637,0.29545454545454547
O=C(O)C1N(C(=O)C(C)CS)CCC1,INATIVO,0.0,0.3382352941176471,0.42857142857142855,0.37735849056603776,0.30158730158730157,0.34375,0.3384615384615385,0.3125,0.375
O=C(O)C(C1=CC=C(C=C1)C(=O)CCCN2CCC(OC(C=3C=CC=CC3)C=4C=CC=CC4)CC2)(C)C,INATIVO,0.0,0.3880597014925373,0.5135135135135135,0.41509433962264153,0.2923076923076923,0.31343283582089554,0.390625,0.36507936507936506,0.38461538461538464
O=C(O)C(C=1C=CC2=C(C1)NC3=CC=C(Cl)C=C32)C,INATIVO,0.0,0.4074074074074074,0.3194444444444444,0.1836734693877551,0.19642857142857142,0.18333333333333332,0.16129032258064516,0.2545454545454545,0.25862068965517243
OC(COC1=CC=CC=2NC=3C=CC=CC3C12)CNCCOC=4C=CC=CC4OC,INATIVO,0.0,0.5,0.5512820512820513,0.3770491803278688,0.32857142857142857,0.38571428571428573,0.2894736842105263,0.46153846153846156,0.43478260869565216
O=C(O)C1=C(C)CSC2N1C(=O)C2NC(=O)C(N)C3=CC=C(O)C=C3,INATIVO,0.0,0.5217391304347826,0.5121951219512195,0.2608695652173913,0.352112676056338,0.35135135135135137,0.2948717948717949,0.3424657534246575,0.3783783783783784
O=C(O)C1=C(C)CSC2N1C(=O)C2NC(=O)C(N)C=3C=CC=CC3,INATIVO,0.0,0.4927536231884058,0.5061728395061729,0.25,0.34285714285714286,0.3424657534246575,0.2857142857142857,0.3150684931506849,0.3698630136986301
O=C(O)C1=C(CSC2=NN=C(S2)C)CSC3N1C(=O)C3NC(=O)CN4N=NN=C4,INATIVO,0.0,0.4117647058823529,0.5108695652173914,0.2289156626506024,0.27586206896551724,0.29213483146067415,0.28888888888888886,0.2696629213483146,0.32954545454545453
O=C([O-])C1=C(CSC2N1C(=O)C2NC(=O)C(=NOC(C(=O)O)(C)C)C=3N=C(SC3)N)C[N+]=4C=CC=CC4,INATIVO,0.0,0.5,0.574468085106383,0.21978021978021978,0.2765957446808511,0.2916666666666667,0.3020833333333333,0.28421052631578947,0.3404255319148936
O=C(OCC1=C(C(=O)O)N2C(=O)C(NC(=O)C(=NOC)C=3OC=CC3)C2SC1)N,INATIVO,0.0,0.4634146341463415,0.5795454545454546,0.25925925925925924,0.3058823529411765,0.3372093023255814,0.3181818181818182,0.32941176470588235,0.36046511627906974
O=C(O)COCCN1CCN(CC1)C(C=2C=CC=CC2)C3=CC=C(Cl)C=C3,INATIVO,0.0,0.28378378378378377,0.425,0.3050847457627119,0.22857142857142856,0.2676056338028169,0.2465753424657534,0.2753623188405797,0.3142857142857143
O=C(O)COCCN1CCN(CC1)C(C=2C=CC=CC2)C3=CC=C(Cl)C=C3,INATIVO,0.0,0.28378378378378377,0.425,0.3050847457627119,0.22857142857142856,0.2676056338028169,0.2465753424657534,0.2753623188405797,0.3142857142857143
O=C(N1CCN(C2=CC=C(OCC3OC(OC3)(C4=CC=C(Cl)C=C4Cl)CN5C=NC=C5)C=C2)CC1)C,INATIVO,0.0,0.47435897435897434,0.5764705882352941,0.3472222222222222,0.27710843373493976,0.30952380952380953,0.3058823529411765,0.35,0.38271604938271603
O=C(O)C(C=1C=CC=C(C1)C(=O)C=2C=CC=CC2)C,INATIVO,0.0,0.30612244897959184,0.22058823529411764,0.3142857142857143,0.25,0.22916666666666666,0.22448979591836735,0.29545454545454547,0.2708333333333333
O=C(O)C1C2=CC=C(C(=O)C=3C=CC=CC3)N2CC1,INATIVO,0.0,0.4166666666666667,0.4444444444444444,0.2641509433962264,0.26666666666666666,0.2698412698412698,0.22727272727272727,0.3448275862068966,0.30158730158730157
O=C1C=2SC=CC2C(C=3C=CC=CC3C1)=C4CCN(C)CC4,INATIVO,0.0,0.2972972972972973,0.4024390243902439,0.25806451612903225,0.2608695652173913,0.2638888888888889,0.2602739726027397,0.3088235294117647,0.3880597014925373
C=1C=CC(=CC1)C=CCN2CCN(CC2)C(C=3C=CC=CC3)C=4C=CC=CC4,INATIVO,0.0,0.18181818181818182,0.29333333333333333,0.15384615384615385,0.09523809523809523,0.12307692307692308,0.13846153846153847,0.12698412698412698,0.19047619047619047
O=C(O)C(OC1=CC=C(C=C1)C2CC2(Cl)Cl)(C)C,INATIVO,0.0,0.3508771929824561,0.28,0.3409090909090909,0.3076923076923077,0.2857142857142857,0.2807017543859649,0.37254901960784315,0.27586206896551724
O=C(O)C1=CN(C2=CC(=C(F)C=C2C1=O)N3CCNCC3)C4CC4,INATIVO,0.0,0.4155844155844156,0.47126436781609193,0.2638888888888889,0.2987012987012987,0.31645569620253167,0.25,0.36,0.34177215189873417
O=C(N(C=1C=CC=CC1)C2CCN(CCC=3C=CC=CC3)CC2)CC,INATIVO,0.0,0.2463768115942029,0.36363636363636365,0.19298245614035087,0.11594202898550725,0.14084507042253522,0.17142857142857143,0.16176470588235295,0.2028985507246377
O=C(NC(C(Cl)C)C1OC(SC)C(O)C(O)C1O)C2N(C)CC(CCC)C2,INATIVO,0.0,0.4675324675324675,0.6097560975609756,0.3380281690140845,0.38666666666666666,0.4025974025974026,0.32926829268292684,0.39473684210526316,0.4666666666666667
ClC1=CC=CC(Cl)=C1NC2=NCCN2,INATIVO,0.0,0.2222222222222222,0.2441860465116279,0.1111111111111111,0.14492753623188406,0.16901408450704225,0.12,0.17391304347826086,0.18055555555555555
ClC1=CC=CC(Cl)=C1NC2=NCCN2,INATIVO,0.0,0.2222222222222222,0.2441860465116279,0.1111111111111111,0.14492753623188406,0.16901408450704225,0.12,0.17391304347826086,0.18055555555555555
O=C(O)C1=CC=CN=C1NC=2C=CC=C(Cl)C2C,INATIVO,0.0,0.4067796610169492,0.3246753246753247,0.18181818181818182,0.1746031746031746,0.16417910447761194,0.16176470588235295,0.2459016393442623,0.21212121212121213
O=C(NCCN(CC)CC)C1=CC(Cl)=C(N)C=C1OC,INATIVO,0.0,0.3684210526315789,0.4642857142857143,0.2647058823529412,0.26666666666666666,0.3026315789473684,0.28205128205128205,0.36619718309859156,0.2948717948717949
O=C1C2=CC(OC)=C(OC)C=C2CC1CC3CCN(CC=4C=CC=CC4)CC3,INATIVO,0.0,0.4153846153846154,0.4605263157894737,0.34545454545454546,0.25757575757575757,0.27941176470588236,0.29411764705882354,0.4166666666666667,0.36923076923076925
O=C(N(C)C)C(C=1C=CC=CC1)(C=2C=CC=CC2)CCN3CCC(O)(C4=CC=C(Cl)C=C4)CC3,INATIVO,0.0,0.3246753246753247,0.49382716049382713,0.3125,0.24,0.2597402597402597,0.2727272727272727,0.3013698630136986,0.32
O=C(NCCN(CC)CC)C1=CC(Cl)=C(N)C=C1OC,INATIVO,0.0,0.3684210526315789,0.4642857142857143,0.2647058823529412,0.26666666666666666,0.3026315789473684,0.28205128205128205,0.36619718309859156,0.2948717948717949
ClC1=CC=C(C=C1)C(C2=NC=CC=C2)CCN(C)C,INATIVO,0.0,0.17142857142857143,0.3466666666666667,0.14285714285714285,0.12307692307692308,0.14925373134328357,0.14705882352941177,0.171875,0.1791044776119403
ClC1=CC=C(C=C1)C(C2=NC=CC=C2)CCN(C)C,INATIVO,0.0,0.17142857142857143,0.3466666666666667,0.14285714285714285,0.12307692307692308,0.14925373134328357,0.14705882352941177,0.171875,0.1791044776119403
O=C(NC=1C(=CC=CC1C)C)C2N(CCCC)CCCC2,INATIVO,0.0,0.3055555555555556,0.44871794871794873,0.22580645161290322,0.19718309859154928,0.2191780821917808,0.2328767123287671,0.2608695652173913,0.28169014084507044
O(CCN(C)C)C(C=1C=CC=CC1)C=2C=CC=CC2,INATIVO,0.0,0.21212121212121213,0.375,0.24,0.18333333333333332,0.22950819672131148,0.22580645161290322,0.25862068965517243,0.2222222222222222
OC1=CC=C(C=C1)CCC(NCCC2=CC=C(O)C(O)=C2)C,INATIVO,0.0,0.375,0.38961038961038963,0.4583333333333333,0.38596491228070173,0.43103448275862066,0.3333333333333333,0.4727272727272727,0.46551724137931033
OC1=CC=C(C=C1O)CCN,INATIVO,0.0,0.3220338983050847,0.2597402597402597,0.30434782608695654,0.3018867924528302,0.35185185185185186,0.23333333333333334,0.36538461538461536,0.3157894736842105
O=C(OC)CCC1=CC=C(OCC(O)CNC(C)C)C=C1,INATIVO,0.0,0.4375,0.4605263157894737,0.45098039215686275,0.43103448275862066,0.5,0.35384615384615387,0.5178571428571429,0.43548387096774194
OC1=CC=CC(=C1)C(O)CNCC,INATIVO,0.0,0.3,0.3108108108108108,0.2765957446808511,0.2777777777777778,0.32727272727272727,0.23333333333333334,0.3148148148148148,0.29310344827586204
O=C(NC=1C(=CC=CC1C)C)CN(CC)CC,INATIVO,0.0,0.2878787878787879,0.38666666666666666,0.15517241379310345,0.16923076923076924,0.19402985074626866,0.17391304347826086,0.21875,0.18840579710144928
N=1C=CC=2C=C(OC)C(OC)=CC2C1CC3=CC=C(OC)C(OC)=C3,INATIVO,0.0,0.5,0.42857142857142855,0.3125,0.2857142857142857,0.288135593220339,0.26229508196721313,0.45098039215686275,0.3448275862068966
O=C(O)C1NC(=O)C2NC(=O)C(NC(=O)C3NC(=O)C(NC(=O)C(NC(=O)C(NC)CC(C)C)C(O)C4=CC=C(OC5=CC3=CC(OC6=CC=C(C=C6Cl)C2O)=C5OC7OC(CO)C(O)C(O)C7OC8OC(C)C(O)C(N)(C)C8)C(Cl)=C4)CC(=O)N)C9=CC=C(O)C(=C9)C%10=C(O)C=C(O)C=C%101,INATIVO,0.0,0.6081081081081081,0.6829268292682927,0.3466666666666667,0.41025641025641024,0.46153846153846156,0.3218390804597701,0.5135135135135135,0.45
O=S1(=O)N=CNC2=CC(Cl)=C(C=C21)S(=O)(=O)N,INATIVO,0.0,0.3333333333333333,0.29591836734693877,0.125,0.1511627906976744,0.14444444444444443,0.20930232558139536,0.18823529411764706,0.1797752808988764
O=C1NC(O)(C2=CC=C(Cl)C(=C2)S(=O)(=O)N)C=3C=CC=CC13,INATIVO,0.0,0.44155844155844154,0.3684210526315789,0.17721518987341772,0.2,0.19101123595505617,0.27380952380952384,0.25301204819277107,0.2413793103448276
ClC1=CC=C(C=C1CC2=CC=C(OCC)C=C2)C3OC(CO)C(O)C(O)C3O,INATIVO,0.0,0.40625,0.379746835443038,0.3584905660377358,0.35,0.4166666666666667,0.2835820895522388,0.45614035087719296,0.4032258064516129
O=C(O)C(C=1C=CC=C(C1)C(=O)C=2C=CC=CC2)C,INATIVO,0.0,0.30612244897959184,0.22058823529411764,0.3142857142857143,0.25,0.22916666666666666,0.22448979591836735,0.29545454545454547,0.2708333333333333
ClC1=CC=C(C=C1)C(C2=NC=CC=C2)CCN(C)C,INATIVO,0.0,0.17142857142857143,0.3466666666666667,0.14285714285714285,0.12307692307692308,0.14925373134328357,0.14705882352941177,0.171875,0.1791044776119403
N=1C=CC=CC1CCNC,INATIVO,0.0,0.15384615384615385,0.2702702702702703,0.1875,0.13793103448275862,0.1864406779661017,0.12698412698412698,0.19298245614035087,0.18032786885245902
O=C(O)C=1C=C(C=CC1O)C2=CC=C(F)C=C2F,INATIVO,0.0,0.3888888888888889,0.23684210526315788,0.26666666666666666,0.2692307692307692,0.25,0.22413793103448276,0.3877551020408163,0.2857142857142857
O=C1OCC(=C1)C2CCC3(O)C4CCC5CC(OC6OC(C)C(OC7OC(C)C(OC8OC(C)C(O)C(O)C8)C(O)C7)C(O)C6)CCC5(C)C4CC(O)C23C,INATIVO,0.0,0.4925373134328358,0.5454545454545454,0.5471698113207547,0.6545454545454545,0.6666666666666666,0.5238095238095238,0.6607142857142857,0.7962962962962963
O=C(OC1C(=O)N(C=2C=CC=CC2SC1C3=CC=C(OC)C=C3)CCN(C)C)C,INATIVO,0.0,0.5068493150684932,0.5357142857142857,0.3142857142857143,0.3116883116883117,0.3291139240506329,0.2926829268292683,0.410958904109589,0.35443037974683544
O=C1C(=C(N(N1C=2C=CC=CC2)C)C)N(C)CS(=O)(=O)O,INATIVO,0.0,0.38636363636363635,0.4536082474226804,0.20930232558139536,0.21505376344086022,0.23157894736842105,0.2967032967032967,0.26373626373626374,0.25263157894736843
O=C1OC=2C=3C=CC=CC3S(=O)(=O)N(C2C(=O)N1C4=NC=CC=C4)C,INATIVO,0.0,0.4444444444444444,0.44680851063829785,0.17857142857142858,0.2,0.19148936170212766,0.22826086956521738,0.26436781609195403,0.22580645161290322
O=C(O)C1N(C(=O)C(NC(C(=O)OCC)CCC=2C=CC=CC2)C)CCC1,INATIVO,0.0,0.4142857142857143,0.5324675324675324,0.3728813559322034,0.30434782608695654,0.34285714285714286,0.3380281690140845,0.373134328358209,0.391304347826087
N1=C(N)N2C=3C=CC=CC3CC=4C=CC=CC4C2C1,INATIVO,0.0,0.2647058823529412,0.3291139240506329,0.0625,0.08450704225352113,0.0945945945945946,0.07894736842105263,0.14492753623188406,0.16901408450704225
O=S(=O)(C1=CC=C(C=C1)C2=CC(Cl)=CN=C2C=3C=NC(=CC3)C)C,INATIVO,0.0,0.24324324324324326,0.24719101123595505,0.1044776119402985,0.12162162162162163,0.11538461538461539,0.17333333333333334,0.1643835616438356,0.15584415584415584
O=C(O)CC1(OCCC=2C=3C=CC=C(C3NC21)CC)CC,INATIVO,0.0,0.4696969696969697,0.589041095890411,0.38596491228070173,0.3968253968253968,0.4375,0.34782608695652173,0.47540983606557374,0.5409836065573771
O=C(O)CC=1C=CC(=CC1)C=2C=CC=CC2,INATIVO,0.0,0.20754716981132076,0.18571428571428572,0.2777777777777778,0.1956521739130435,0.20408163265306123,0.17647058823529413,0.2391304347826087,0.24489795918367346
O=C(OC)C1=C(NC(=C(C(=O)OCC)C1C=2C=CC=C(Cl)C2Cl)C)C,INATIVO,0.0,0.4126984126984127,0.4025974025974026,0.26785714285714285,0.2698412698412698,0.3125,0.2878787878787879,0.3225806451612903,0.3230769230769231
O=C(NC1=CC=C(OCC)C=C1)C,INATIVO,0.0,0.4074074074074074,0.3380281690140845,0.23404255319148937,0.17543859649122806,0.22413793103448276,0.2,0.2545454545454545,0.19672131147540983
O=C(O)CCC(=O)C=1C=CC(=CC1)C=2C=CC=CC2,INATIVO,0.0,0.25,0.2361111111111111,0.4444444444444444,0.32608695652173914,0.32653061224489793,0.2692307692307692,0.3695652173913043,0.3673469387755102
O=C1N(C=2C=CC=CC2)N(C=3C=CC=CC3)C(=O)C1CCCC,INATIVO,0.0,0.4307692307692308,0.4358974358974359,0.25,0.23529411764705882,0.23943661971830985,0.2361111111111111,0.2463768115942029,0.30434782608695654
O=C(OC(C)C)C(OC1=CC=C(C=C1)C(=O)C2=CC=C(Cl)C=C2)(C)C,INATIVO,0.0,0.41818181818181815,0.3287671232876712,0.3333333333333333,0.3018867924528302,0.2807017543859649,0.2982456140350877,0.39215686274509803,0.3157894736842105
O=C(O)C(C=1C=CC=C(OC=2C=CC=CC2)C1)C,INATIVO,0.0,0.3673469387755102,0.2463768115942029,0.3611111111111111,0.2608695652173913,0.24,0.26,0.36363636363636365,0.28
O=C(O)C(C1=CC=C(C=C1)C(O)CCCN2CCC(CC2)C(O)(C=3C=CC=CC3)C=4C=CC=CC4)(C)C,INATIVO,0.0,0.3142857142857143,0.48,0.37037037037037035,0.31746031746031744,0.3384615384615385,0.35384615384615387,0.3709677419354839,0.4126984126984127
O=C1OC(C(C=2C=CC(=CC2)S(=O)(=O)C)=C1OCC3CC3)(C)C,INATIVO,0.0,0.35526315789473684,0.40229885057471265,0.3492063492063492,0.36231884057971014,0.4,0.43478260869565216,0.37142857142857144,0.4084507042253521
FC1=CC=C(C=C1)C(C2=CC=C(F)C=C2)N3CCN(CC=CC=4C=CC=CC4)CC3,INATIVO,0.0,0.17142857142857143,0.27848101265822783,0.14285714285714285,0.08955223880597014,0.11594202898550725,0.13043478260869565,0.11940298507462686,0.1791044776119403
O=C(O)C1=CC=CN=C1NC2=CC=CC(=C2C)C(F)(F)F,INATIVO,0.0,0.423728813559322,0.35526315789473684,0.17857142857142858,0.171875,0.16176470588235295,0.19402985074626866,0.24193548387096775,0.208955223880597
O=C(O)C(C=1C=CC(=C(F)C1)C=2C=CC=CC2)C,INATIVO,0.0,0.25925925925925924,0.17567567567567569,0.21951219512195122,0.18,0.16666666666666666,0.16363636363636364,0.24489795918367346,0.2037037037037037
O=CN1C=2C(=O)N=C(N)NC2NCC1CNC3=CC=C(C=C3)C(=O)NC(C(=O)O)CCC(=O)O,INATIVO,0.0,0.4805194805194805,0.5113636363636364,0.2631578947368421,0.2962962962962963,0.32926829268292684,0.26436781609195403,0.35443037974683544,0.3373493975903614
O=C(OC(OP(=O)(CC(=O)N1CC(CC1C(=O)O)C2CCCCC2)CCCCC=3C=CC=CC3)C(C)C)CC,INATIVO,0.0,0.4383561643835616,0.55,0.3181818181818182,0.28,0.2987012987012987,0.4027777777777778,0.3424657534246575,0.3783783783783784
O=C(O)C1=CC(=C(Cl)C=C1NCC=2OC=CC2)S(=O)(=O)N,INATIVO,0.0,0.38271604938271603,0.3645833333333333,0.20512820512820512,0.1839080459770115,0.2159090909090909,0.2857142857142857,0.23529411764705882,0.2247191011235955
O=C(O)C1=CC(=C(Cl)C=C1NCC=2OC=CC2)S(=O)(=O)N,INATIVO,0.0,0.38271604938271603,0.3645833333333333,0.20512820512820512,0.1839080459770115,0.2159090909090909,0.2857142857142857,0.23529411764705882,0.2247191011235955
OC1C=CC23C4=C(OC2C1)C(OC)=CC=C4CN(C)CC3,INATIVO,0.0,0.4492753623188406,0.5256410256410257,0.3898305084745763,0.3582089552238806,0.35714285714285715,0.3333333333333333,0.5,0.4696969696969697
O=C(NC1CCCCC1)NS(=O)(=O)C2=CC=C(C=C2)CCNC(=O)C3=CC(Cl)=CC=C3OC,INATIVO,0.0,0.34065934065934067,0.38235294117647056,0.25301204819277107,0.21505376344086022,0.24468085106382978,0.3258426966292135,0.3068181818181818,0.26595744680851063
O=C1[O-][Fe+3]23([O-]C(=O)C[NH2]2)([O-]C(=O)C[NH2]3)[NH2]C1,INATIVO,0.0,0.2876712328767123,0.34523809523809523,0.20634920634920634,0.18055555555555555,0.2191780821917808,0.34328358208955223,0.20833333333333334,0.22972972972972974
O=C(NN1CC2CCCC2C1)NS(=O)(=O)C3=CC=C(C=C3)C,INATIVO,0.0,0.29213483146067415,0.3673469387755102,0.15476190476190477,0.16483516483516483,0.1702127659574468,0.24719101123595505,0.21348314606741572,0.21739130434782608
O=C(NC1CCC(C)CC1)NS(=O)(=O)C2=CC=C(C=C2)CCNC(=O)N3C(=O)C(=C(C)C3)CC,INATIVO,0.0,0.3333333333333333,0.47,0.26436781609195403,0.29347826086956524,0.3225806451612903,0.39325842696629215,0.3010752688172043,0.37362637362637363
ClC1=CC=CC(Cl)=C1C=NNC(=N)N,INATIVO,0.0,0.15151515151515152,0.13095238095238096,0.03571428571428571,0.046875,0.04411764705882353,0.1076923076923077,0.09523809523809523,0.057971014492753624
N(N)=C1NN=CC=2C=CC=CC12,INATIVO,0.0,0.24615384615384617,0.21951219512195122,0.03278688524590164,0.09090909090909091,0.08571428571428572,0.08450704225352113,0.1044776119402985,0.13043478260869565
O=S(=O)(N)C=1C=C2C(=CC1Cl)NCNS2(=O)=O,INATIVO,0.0,0.3333333333333333,0.297029702970297,0.11904761904761904,0.14444444444444443,0.16304347826086957,0.21348314606741572,0.19318181818181818,0.17204301075268819
ClC1=CC=C(C=C1)C(C=2C=CC=CC2)N3CCN(CCOCCO)CC3,INATIVO,0.0,0.24,0.38271604938271603,0.25,0.18309859154929578,0.23943661971830985,0.20270270270270271,0.22857142857142856,0.2676056338028169
O=C(O)C(C1=CC=C(C=C1)CC(C)C)C,INATIVO,0.0,0.23076923076923078,0.22058823529411764,0.2777777777777778,0.25,0.2553191489361702,0.25,0.29545454545454547,0.2708333333333333
O=C(NO)C(C1=CC=C(C=C1)CC(C)C)C,INATIVO,0.0,0.3220338983050847,0.27631578947368424,0.17647058823529413,0.1896551724137931,0.19672131147540983,0.23333333333333334,0.22413793103448276,0.20967741935483872
O=C(NN1C=2C=CC=CC2CC1C)C3=CC=C(Cl)C(=C3)S(=O)(=O)N,INATIVO,0.0,0.3614457831325301,0.375,0.13095238095238096,0.15555555555555556,0.14893617021276595,0.2111111111111111,0.20454545454545456,0.1956521739130435
O=C(NN1C=2C=CC=CC2CC1C)C3=CC=C(Cl)C(=C3)S(=O)(=O)N,INATIVO,0.0,0.3614457831325301,0.375,0.13095238095238096,0.15555555555555556,0.14893617021276595,0.2111111111111111,0.20454545454545456,0.1956521739130435
O=C(O)CC=1C=2C=C(OC)C=CC2N(C(=O)C3=CC=C(Cl)C=C3)C1C,INATIVO,0.0,0.5555555555555556,0.5194805194805194,0.3559322033898305,0.3088235294117647,0.30985915492957744,0.3055555555555556,0.4444444444444444,0.37681159420289856
O=C(O)C(C1=CC=C(C=C1)N2C(=O)C=3C=CC=CC3C2)C,INATIVO,0.0,0.543859649122807,0.44594594594594594,0.25,0.234375,0.23880597014925373,0.21739130434782608,0.3064516129032258,0.2878787878787879
O=C(NC1=NOC(=C1)C)C2=C(O)C=3C=CC=CC3S(=O)(=O)N2C,INATIVO,0.0,0.5308641975308642,0.4895833333333333,0.19101123595505617,0.25,0.23958333333333334,0.2765957446808511,0.3,0.3010752688172043
O=C(OC)C1=C(NC(=C(C(=O)OC(C)C)C1C2=CC=CC3=NON=C32)C)C,INATIVO,0.0,0.5076923076923077,0.4810126582278481,0.25,0.3088235294117647,0.2916666666666667,0.323943661971831,0.3382352941176471,0.37681159420289856
O=C1N(N=CN1C2=CC=C(C=C2)N3CCN(C4=CC=C(OCC5OC(OC5)(C6=CC=C(Cl)C=C6Cl)CN7N=CN=C7)C=C4)CC3)C(C)CC,INATIVO,0.0,0.4470588235294118,0.5777777777777777,0.2962962962962963,0.25274725274725274,0.2826086956521739,0.32222222222222224,0.3181818181818182,0.34831460674157305
O=C(O)COCCN1CCN(CC1)C(C=2C=CC=CC2)C3=CC=C(Cl)C=C3,INATIVO,0.0,0.28378378378378377,0.425,0.3050847457627119,0.22857142857142856,0.2676056338028169,0.2465753424657534,0.2753623188405797,0.3142857142857143
O=C(O)C(NC(C(=O)N1CCCC1C(=O)O)CCCCN)CCC=2C=CC=CC2,INATIVO,0.0,0.391304347826087,0.4375,0.3220338983050847,0.27941176470588236,0.3188405797101449,0.2777777777777778,0.3088235294117647,0.36764705882352944
O=C(OCC)N1CCC(=C2C=3N=CC=CC3CCC=4C=C(Cl)C=CC42)CC1,INATIVO,0.0,0.3076923076923077,0.4578313253012048,0.21739130434782608,0.19230769230769232,0.22784810126582278,0.24050632911392406,0.23376623376623376,0.2857142857142857
O=C(NC1=NC=CC=C1)C2=C(O)C=3SC(Cl)=CC3S(=O)(=O)N2C,INATIVO,0.0,0.4880952380952381,0.45454545454545453,0.17582417582417584,0.22105263157894736,0.21212121212121213,0.24742268041237114,0.26881720430107525,0.2708333333333333
ClC=1N=C(N(C1CO)CC=2C=CC(=CC2)C=3C=CC=CC3C4=NN=NN4)CCCC,INATIVO,0.0,0.27058823529411763,0.3956043956043956,0.18421052631578946,0.16470588235294117,0.21176470588235294,0.23809523809523808,0.20238095238095238,0.25
O=C(O)C(C1=CC=C(C=C1)CC2C(=O)CCC2)C,INATIVO,0.0,0.3090909090909091,0.28169014084507044,0.5882352941176471,0.3695652173913043,0.3673469387755102,0.4166666666666667,0.4444444444444444,0.46808510638297873
O=C(O)CC1=CC(=CC=C1NC=2C(F)=CC=CC2Cl)C,INATIVO,0.0,0.3333333333333333,0.3026315789473684,0.2916666666666667,0.24561403508771928,0.25,0.20634920634920634,0.30357142857142855,0.2833333333333333
ClC1=CC=C(C=C1)C(C=2C=CC=CC2)N3CCN(CC=4C=CC=C(C4)C)CC3,INATIVO,0.0,0.16901408450704225,0.2911392405063291,0.16071428571428573,0.1044776119402985,0.13043478260869565,0.14492753623188406,0.13432835820895522,0.19402985074626866
O=C1C=C2C(C)CC3C(CCC4(C)C3CCC4(O)C(=O)C)C2(C)CC1,INATIVO,0.0,0.359375,0.41333333333333333,0.5681818181818182,0.5918367346938775,0.5471698113207547,0.509090909090909,0.6,0.68
O=C(NC1=NC=C(S1)C)C2=C(O)C=3C=CC=CC3S(=O)(=O)N2C,INATIVO,0.0,0.525,0.4842105263157895,0.18181818181818182,0.24175824175824176,0.23157894736842105,0.26881720430107525,0.29213483146067415,0.29347826086956524
O=C(O)C1=CC(N)=CC=C1O,INATIVO,0.0,0.47058823529411764,0.2876712328767123,0.26666666666666666,0.2692307692307692,0.25,0.22413793103448276,0.3877551020408163,0.2631578947368421
N=C(N)NC(=N)N(C)C,INATIVO,0.0,0.125,0.19736842105263158,0.018867924528301886,0.05,0.046875,0.0967741935483871,0.08333333333333333,0.045454545454545456
O=C1C2=CC(=C(Cl)C=C2NC(N1C=3C=CC=CC3C)C)S(=O)(=O)N,INATIVO,0.0,0.38095238095238093,0.36363636363636365,0.12643678160919541,0.16304347826086957,0.15625,0.21739130434782608,0.1978021978021978,0.18947368421052632
O=C1C2=CC(=C(Cl)C=C2NC(N1C=3C=CC=CC3C)C)S(=O)(=O)N,INATIVO,0.0,0.38095238095238093,0.36363636363636365,0.12643678160919541,0.16304347826086957,0.15625,0.21739130434782608,0.1978021978021978,0.18947368421052632
O=N(=O)C1=CN=C(N1CCO)C,INATIVO,0.0,0.25,0.34782608695652173,0.22535211267605634,0.2,0.25,0.23170731707317074,0.20987654320987653,0.2289156626506024
O=C(O)C1=CC(N)=CC=C1O,INATIVO,0.0,0.47058823529411764,0.2876712328767123,0.26666666666666666,0.2692307692307692,0.25,0.22413793103448276,0.3877551020408163,0.2631578947368421
O=C1C=CN=C(N1)N(C)C2CCN(C3=NC=4C=CC=CC4N3CC5=CC=C(F)C=C5)CC2,INATIVO,0.0,0.35802469135802467,0.4827586206896552,0.19480519480519481,0.1744186046511628,0.19318181818181818,0.20454545454545456,0.25609756097560976,0.27380952380952384
O=N(=O)OC1COC2C(O)COC12,INATIVO,0.0,0.3142857142857143,0.35365853658536583,0.2982456140350877,0.296875,0.3181818181818182,0.3333333333333333,0.328125,0.3283582089552239
O=C(C)CCC1=CC=C2C=C(OC)C=CC2=C1,INATIVO,0.0,0.32142857142857145,0.30985915492957744,0.4,0.32653061224489793,0.3269230769230769,0.32075471698113206,0.4888888888888889,0.36538461538461536
O=C(O)C(C1=CC=C2C=C(OC)C=CC2=C1)C,INATIVO,0.0,0.42,0.30434782608695654,0.325,0.2916666666666667,0.2692307692307692,0.2641509433962264,0.45454545454545453,0.3076923076923077
O=C1CCC2(O)C3N(CC=C)CCC42C5=C(OC14)C(O)=CC=C5C3,INATIVO,0.0,0.4714285714285714,0.5641025641025641,0.3709677419354839,0.38235294117647056,0.4,0.33783783783783783,0.45454545454545453,0.4925373134328358
FC1=CC=C2OC(CCC2=C1)C(O)CNCC(O)C3OC4=CC=C(F)C=C4CC3,INATIVO,0.0,0.39705882352941174,0.3902439024390244,0.3275862068965517,0.3230769230769231,0.36363636363636365,0.2465753424657534,0.3968253968253968,0.4153846153846154
O=C(N)CC=1C=CC=C(C(=O)C=2C=CC=CC2)C1N,INATIVO,0.0,0.38596491228070173,0.3424657534246575,0.22,0.1864406779661017,0.1935483870967742,0.15384615384615385,0.2413793103448276,0.22580645161290322
O=C(OC)C1=C(NC(=C(C(=O)OC)C1C=2C=CC=CC2N(=O)=O)C)C,INATIVO,0.0,0.38571428571428573,0.36470588235294116,0.2153846153846154,0.23943661971830985,0.22666666666666666,0.30985915492957744,0.2857142857142857,0.2702702702702703
O=C(NC=1C(=O)N(C=2C=CC=CC2)N(C1C)C)C=3C=NC=CC3,INATIVO,0.0,0.49206349206349204,0.43037974683544306,0.15151515151515152,0.1643835616438356,0.15584415584415584,0.16883116883116883,0.22535211267605634,0.22972972972972974
O=N(=O)C1=CC=C(NS(=O)(=O)C)C(OC=2C=CC=CC2)=C1,INATIVO,0.0,0.36363636363636365,0.3333333333333333,0.17567567567567569,0.14285714285714285,0.13636363636363635,0.24691358024691357,0.225,0.1590909090909091
O=C(OC)C1=C(NC(=C(C(=O)OCC)C1C=2C=CC=C(C2)N(=O)=O)C)C,INATIVO,0.0,0.35135135135135137,0.4166666666666667,0.22388059701492538,0.22972972972972974,0.26666666666666666,0.3150684931506849,0.25675675675675674,0.27631578947368424
O=C1NC(=O)CN1N=CC=2OC(=CC2)N(=O)=O,INATIVO,0.0,0.38461538461538464,0.4111111111111111,0.2328767123287671,0.2375,0.24096385542168675,0.2235294117647059,0.23170731707317074,0.25
O=N(=O)OCC(ON(=O)=O)CON(=O)=O,INATIVO,0.0,0.17142857142857143,0.2625,0.20754716981132076,0.15873015873015872,0.203125,0.25806451612903225,0.171875,0.16176470588235295
N#[C-][Fe+2]([C-]#N)([C-]#N)([C-]#N)([C-]#N)[N]#[O+],INATIVO,0.0,0.078125,0.08641975308641975,0.02,0.01694915254237288,0.015873015873015872,0.1016949152542373,0.01639344262295082,0.015384615384615385
O=C1C=C2CCC3C(CCC4(C)C3CCC4(O)C#C)C2CC1,INATIVO,0.0,0.27692307692307694,0.34210526315789475,0.5116279069767442,0.48,0.4444444444444444,0.43636363636363634,0.49019607843137253,0.5686274509803921
O=C(O)C1=CN(C2=CC(=C(F)C=C2C1=O)N3CCNCC3)CC,INATIVO,0.0,0.4230769230769231,0.5116279069767442,0.2916666666666667,0.2911392405063291,0.325,0.27380952380952384,0.3684210526315789,0.3670886075949367
O=C(O)C1=C(N=C(N1CC=2C=CC(=CC2)C=3C=CC=CC3C4=NN=NN4)CCC)C(O)(C)C,INATIVO,0.0,0.3924050632911392,0.5176470588235295,0.24324324324324326,0.24691358024691357,0.26506024096385544,0.34177215189873417,0.2875,0.3375
O=C(O)C1=CC(N=NC2=CC=C(O)C(=C2)C(=O)O)=CC=C1O,INATIVO,0.0,0.4909090909090909,0.32894736842105265,0.28,0.2807017543859649,0.26229508196721313,0.25806451612903225,0.3888888888888889,0.29508196721311475
O=C(O)CCC1=NC(C=2C=CC=CC2)=C(O1)C=3C=CC=CC3,INATIVO,0.0,0.46551724137931033,0.40540540540540543,0.3673469387755102,0.3103448275862069,0.3114754098360656,0.24615384615384617,0.3448275862068966,0.3898305084745763
O=C1N(C=2C=CC=CC2)N(C=3C=CC=CC3)C(=O)C1CCCC,INATIVO,0.0,0.4307692307692308,0.4358974358974359,0.25,0.23529411764705882,0.23943661971830985,0.2361111111111111,0.2463768115942029,0.30434782608695654
O=C1N(C=2C=CC=CC2)N(C3=CC=C(O)C=C3)C(=O)C1CCCC,INATIVO,0.0,0.5076923076923077,0.4810126582278481,0.3114754098360656,0.2898550724637681,0.2916666666666667,0.2876712328767123,0.3188405797101449,0.35714285714285715
O=C(NC1=CC=C(O)C=C1)C,INATIVO,0.0,0.44,0.28169014084507044,0.22727272727272727,0.21153846153846154,0.19642857142857142,0.19298245614035087,0.27450980392156865,0.21052631578947367
O=C(NS(=O)(=O)C1=CC=C(C=C1)C=2C(=NOC2C)C=3C=CC=CC3)CC,INATIVO,0.0,0.41025641025641024,0.4175824175824176,0.19480519480519481,0.20238095238095238,0.20689655172413793,0.2619047619047619,0.2261904761904762,0.25882352941176473
O=C(O)C1N(C(=O)C(NC(C(=O)OCC)CCC)C)C2CCCCC2C1,INATIVO,0.0,0.4492753623188406,0.5866666666666667,0.3898305084745763,0.3582089552238806,0.39705882352941174,0.37142857142857144,0.4307692307692308,0.44776119402985076
O=C(NC1=NC=CC=C1)C2=C(O)C=3C=CC=CC3S(=O)(=O)N2C,INATIVO,0.0,0.4875,0.45263157894736844,0.18823529411764706,0.23595505617977527,0.22580645161290322,0.26373626373626374,0.28735632183908044,0.2608695652173913
O=C(O)C(C1=CC=C2OC3=NC=CC=C3CC2=C1)C,INATIVO,0.0,0.5294117647058824,0.36619718309859156,0.25,0.2545454545454545,0.23728813559322035,0.1935483870967742,0.33962264150943394,0.29310344827586204
O=C(C=1OC=CC1)N2CCN(C=3N=C(N)C=4C=C(OC)C(OC)=CC4N3)CC2,INATIVO,0.0,0.52,0.5647058823529412,0.2631578947368421,0.23529411764705882,0.23863636363636365,0.25,0.3375,0.32142857142857145
O=C1C=C2CCC3C(CCC4(C)C(C(=O)C)CCC34)C2(C)CC1,INATIVO,0.0,0.3114754098360656,0.33783783783783783,0.4418604651162791,0.4489795918367347,0.41509433962264153,0.46153846153846156,0.46,0.54
O=C(OC1=CC=C(C=C1)NC(=O)C)CN(CC)CC,INATIVO,0.0,0.43548387096774194,0.4794520547945205,0.2909090909090909,0.25,0.2727272727272727,0.2878787878787879,0.3225806451612903,0.2647058823529412
O=N(=O)OCC(CON(=O)=O)(CON(=O)=O)CC,INATIVO,0.0,0.1527777777777778,0.275,0.18181818181818182,0.13846153846153847,0.18181818181818182,0.27419354838709675,0.15151515151515152,0.14285714285714285
O=C1C=C(NC(=S)N1)CCC,INATIVO,0.0,0.29577464788732394,0.3373493975903614,0.21311475409836064,0.22058823529411764,0.22535211267605634,0.2054794520547945,0.26865671641791045,0.2535211267605634
OC(COC1=CC=CC=2C=CC=CC12)CNC(C)C,INATIVO,0.0,0.45,0.43243243243243246,0.3018867924528302,0.3,0.36666666666666664,0.22058823529411764,0.3793103448275862,0.3333333333333333
ClC=1C=CC=2C(=NC=3C=CC(OC)=CC3C2NC(C)CCCN(CC)CC)C1,INATIVO,0.0,0.3037974683544304,0.5061728395061729,0.2878787878787879,0.25333333333333335,0.2727272727272727,0.2692307692307692,0.37142857142857144,0.3333333333333333
OC(C=1C=CN=C2C=CC(OC)=CC21)C3N4CCC(C3)C(C=C)C4,INATIVO,0.0,0.36764705882352944,0.49333333333333335,0.29310344827586204,0.2727272727272727,0.2753623188405797,0.2714285714285714,0.36507936507936506,0.3235294117647059
O=C(OCC=1C=CC=CC1)CNC(=O)C(CSC(=O)C)CC=2C=CC=CC2,INATIVO,0.0,0.36507936507936506,0.4,0.3333333333333333,0.2222222222222222,0.2857142857142857,0.26153846153846155,0.29508196721311475,0.296875
O=C(O)C1N(C(=O)C(NC(C(=O)OCC)CCC=2C=CC=CC2)C)C3CCCC3C1,INATIVO,0.0,0.45588235294117646,0.5733333333333334,0.3728813559322034,0.3235294117647059,0.36231884057971014,0.3380281690140845,0.4153846153846154,0.4117647058823529
O=N(=O)C=C(NC)NCCSCC=1OC(=CC1)CN(C)C,INATIVO,0.0,0.23076923076923078,0.39361702127659576,0.25333333333333335,0.25609756097560976,0.2891566265060241,0.3333333333333333,0.2804878048780488,0.3132530120481928
O=C(OC1=CC=CC(=C1)C(N(C)C)C)N(C)CC,INATIVO,0.0,0.3333333333333333,0.4714285714285714,0.24528301886792453,0.20967741935483872,0.234375,0.2698412698412698,0.3050847457627119,0.22727272727272727
O=C1OCC(C=2C=CC(=CC2)S(=O)(=O)C)=C1C=3C=CC=CC3,INATIVO,0.0,0.32857142857142857,0.3176470588235294,0.2711864406779661,0.2727272727272727,0.29411764705882354,0.3484848484848485,0.2835820895522388,0.3235294117647059
O=C(O)CC(O)CC(O)C=CC=1C(=NC(=NC1C(C)C)N(C)S(=O)(=O)C)C=2C=CC(F)=CC2,INATIVO,0.0,0.4,0.45263157894736844,0.21686746987951808,0.26436781609195403,0.26666666666666666,0.3068181818181818,0.3176470588235294,0.30337078651685395
OC1=CC=C(C=C1CO)C(O)CNC(C)(C)C,INATIVO,0.0,0.4426229508196721,0.40789473684210525,0.2962962962962963,0.3389830508474576,0.4067796610169492,0.2727272727272727,0.42105263157894735,0.3492063492063492
O=C(N)C=1C=CC=CC1O,INATIVO,0.0,0.5,0.2876712328767123,0.2127659574468085,0.2222222222222222,0.20689655172413793,0.18333333333333332,0.3333333333333333,0.22033898305084745
O=C(O)C=1C=CC=CC1OC(=O)C=2C=CC=CC2O,INATIVO,0.0,0.46938775510204084,0.3,0.38461538461538464,0.3404255319148936,0.3137254901960784,0.3076923076923077,0.4772727272727273,0.35294117647058826
O=C1N=C(NC=2C(=NN(C12)C)CCC)C=3C=C(C=CC3OCC)S(=O)(=O)N4CCN(C)CC4,INATIVO,0.0,0.3979591836734694,0.56,0.25263157894736843,0.24271844660194175,0.2692307692307692,0.31683168316831684,0.32653061224489793,0.32673267326732675
O=C(O)CCC(=O)OCC(=O)C1(O)CCC2C3CCC4=CC(=O)CCC4(C)C3C(O)CC21C,INATIVO,0.0,0.40298507462686567,0.5066666666666667,0.6170212765957447,0.6037735849056604,0.6481481481481481,0.5517241379310345,0.6415094339622641,0.7169811320754716
O=C(O)C1=CC(N=NC2=CC=C(C=C2)S(=O)(=O)NC3=NC=CC=C3)=CC=C1O,INATIVO,0.0,0.42857142857142855,0.3723404255319149,0.19480519480519481,0.20238095238095238,0.19318181818181818,0.27710843373493976,0.2716049382716049,0.22988505747126436
O=C(O)CC=1C=2C=C(F)C=CC2C(=CC3=CC=C(C=C3)S(=O)C)C1C,INATIVO,0.0,0.2916666666666667,0.28735632183908044,0.2711864406779661,0.2923076923076923,0.29411764705882354,0.3088235294117647,0.34375,0.34328358208955223
O=C(NCC1N(CC)CCC1)C2=CC(=CC=C2OC)S(=O)(=O)N,INATIVO,0.0,0.3695652173913043,0.47959183673469385,0.27058823529411763,0.24468085106382978,0.2736842105263158,0.35555555555555557,0.33707865168539325,0.30851063829787234
O=S(=O)(NC)CC=1C=CC=2NC=C(C2C1)CCN(C)C,INATIVO,0.0,0.26744186046511625,0.45454545454545453,0.18181818181818182,0.21951219512195122,0.23809523809523808,0.2804878048780488,0.275,0.2619047619047619
O=C(O)C(C1=CC=C(C=C1)C(=O)C=2SC=CC2)C,INATIVO,0.0,0.3269230769230769,0.23943661971830985,0.3076923076923077,0.25,0.23076923076923078,0.22641509433962265,0.2916666666666667,0.29411764705882354
O=C(O)CCC(=O)OCC1(C(=O)N(C=2C=CC=CC2)N(C=3C=CC=CC3)C1=O)CCCC,INATIVO,0.0,0.4794520547945205,0.5875,0.40625,0.32,0.35526315789473684,0.35064935064935066,0.36486486486486486,0.4189189189189189
O=C(NC1=NC=CC=C1)C2=C(O)C=3SC=CC3S(=O)(=O)N2C,INATIVO,0.0,0.5125,0.47368421052631576,0.1839080459770115,0.23076923076923078,0.22105263157894736,0.25806451612903225,0.2808988764044944,0.2826086956521739
OC(C1=CC=C(C=C1)C(C)(C)C)CCCN2CCC(CC2)C(O)(C=3C=CC=CC3)C=4C=CC=CC4,INATIVO,0.0,0.2714285714285714,0.44,0.2909090909090909,0.2698412698412698,0.2923076923076923,0.3076923076923077,0.3225806451612903,0.36507936507936506
O=C(N)C=1C(=O)C2(O)C(O)=C3C(=O)C=4C(O)=CC=CC4C(O)(C)C3CC2C(C1O)N(C)C,INATIVO,0.0,0.5909090909090909,0.6103896103896104,0.27941176470588236,0.4117647058823529,0.3888888888888889,0.32894736842105265,0.48484848484848486,0.4166666666666667
S=C1NC=CN1C,INATIVO,0.0,0.2153846153846154,0.2564102564102564,0.07017543859649122,0.07692307692307693,0.07246376811594203,0.08695652173913043,0.1076923076923077,0.10144927536231885
O=N(=O)C1=CN=C(N1CCS(=O)(=O)CC)C,INATIVO,0.0,0.25,0.3673469387755102,0.19753086419753085,0.17777777777777778,0.1956521739130435,0.24719101123595505,0.18681318681318682,0.21739130434782608
O=C1C=C2C(=CC=C1SC)C3=C(OC)C(OC)=C(OC4OC(CO)C(O)C(O)C4O)C=C3CCC2NC(=O)C,INATIVO,0.0,0.5797101449275363,0.5609756097560976,0.4,0.4492753623188406,0.5072463768115942,0.34615384615384615,0.59375,0.5142857142857142
O=C1NC(=S)NC(=O)C1(CC)C(C)CCC,INATIVO,0.0,0.375,0.4567901234567901,0.3064516129032258,0.3235294117647059,0.323943661971831,0.35714285714285715,0.35294117647058826,0.391304347826087
O=C(O)CC1=CC=C(C(=O)C2=CC=C(C=C2)C)N1C,INATIVO,0.0,0.43333333333333335,0.4788732394366197,0.3333333333333333,0.2833333333333333,0.2857142857142857,0.28125,0.3620689655172414,0.3387096774193548
O=C(NC(C)C)NS(=O)(=O)C=1C=NC=CC1NC2=CC=CC(=C2)C,INATIVO,0.0,0.3717948717948718,0.3548387096774194,0.1125,0.15294117647058825,0.14606741573033707,0.24096385542168675,0.20481927710843373,0.18181818181818182
O=C(NC(C)C)NS(=O)(=O)C=1C=NC=CC1NC2=CC=CC(=C2)C,INATIVO,0.0,0.3717948717948718,0.3548387096774194,0.1125,0.15294117647058825,0.14606741573033707,0.24096385542168675,0.20481927710843373,0.18181818181818182
N1=C(N=C(N)C2=NC(=C(N=C12)N)C3=CC=CC=C3)N,INATIVO,0.0,0.3114754098360656,0.2692307692307692,0.05084745762711865,0.09230769230769231,0.08695652173913043,0.07042253521126761,0.15873015873015872,0.1323529411764706
N1=C(N=C(N)C2=NC(=C(N=C12)N)C3=CC=CC=C3)N,INATIVO,0.0,0.3114754098360656,0.2692307692307692,0.05084745762711865,0.09230769230769231,0.08695652173913043,0.07042253521126761,0.15873015873015872,0.1323529411764706
OC1C(OCC)OC(C(OCC=2C=CC=CC2)COCC=3C=CC=CC3)C1OCC=4C=CC=CC4,INATIVO,0.0,0.41379310344827586,0.463768115942029,0.45454545454545453,0.35185185185185186,0.4,0.3448275862068966,0.41509433962264153,0.46296296296296297
N=1C=CC=CC1N(CC=2C=CC=CC2)CCN(C)C,INATIVO,0.0,0.18055555555555555,0.3684210526315789,0.15517241379310345,0.11764705882352941,0.14285714285714285,0.15714285714285714,0.16417910447761194,0.18840579710144928
OCC(N)(CO)CO,INATIVO,0.0,0.2542372881355932,0.25675675675675674,0.16666666666666666,0.18181818181818182,0.2545454545454545,0.12903225806451613,0.17543859649122806,0.18333333333333332
O=C(O)C(N(C(=O)CCCC)CC=1C=CC(=CC1)C=2C=CC=CC2C3=NN=NN3)C(C)C,INATIVO,0.0,0.4,0.5411764705882353,0.2876712328767123,0.2875,0.3048780487804878,0.3670886075949367,0.3291139240506329,0.379746835443038
O=C1OC=2C=CC=CC2C(O)=C1C(C=3C=CC=CC3)CC(=O)C,INATIVO,0.0,0.48148148148148145,0.4142857142857143,0.47619047619047616,0.4489795918367347,0.4423076923076923,0.38181818181818183,0.5869565217391305,0.5098039215686274
O=C(O)C(C=1C=CC(=C2C=CC=CC21)C3CCCCC3)C,INATIVO,0.0,0.25925925925925924,0.20833333333333334,0.3157894736842105,0.22916666666666666,0.21153846153846154,0.23076923076923078,0.32608695652173914,0.3
N#CC(C1=CC=C(OC)C(OC)=C1)(CCCN(C)CCC2=CC=C(OC)C(OC)=C2)C(C)C,INATIVO,0.0,0.34285714285714286,0.4868421052631579,0.38181818181818183,0.2878787878787879,0.3088235294117647,0.36363636363636365,0.4262295081967213,0.3582089552238806
O=C(O)CC1=CC(=C(C(=O)C2=CC=C(Cl)C=C2)N1C)C,INATIVO,0.0,0.4,0.4666666666666667,0.32727272727272727,0.28125,0.2835820895522388,0.27941176470588236,0.3548387096774194,0.3333333333333333
O=C1N=C(N=C2NC=C(N=C12)CNC3=CC=C(C=C3)C(=O)NC(C(=O)O)CCC(=O)O)N,ATIVO,1.0,0.49295774647887325,0.47058823529411764,0.2753623188405797,0.3108108108108108,0.3466666666666667,0.24390243902439024,0.375,0.35526315789473684
O=C(O)C=1C=CC=CC1NC=2C(Cl)=CC=C(C2Cl)C,ATIVO,1.0,0.4074074074074074,0.26666666666666666,0.1836734693877551,0.17543859649122806,0.16393442622950818,0.16129032258064516,0.2545454545454545,0.19672131147540983
O=C(O)C=1C=CC=CC1NC2=CC=CC(=C2C)C,ATIVO,1.0,0.46,0.29577464788732394,0.1956521739130435,0.20754716981132076,0.19298245614035087,0.1896551724137931,0.29411764705882354,0.22807017543859648
O=C(O)C=1C=CC=CC1NC=2C=CC=C(Cl)C2C,ATIVO,1.0,0.4074074074074074,0.26666666666666666,0.1836734693877551,0.17543859649122806,0.16393442622950818,0.16129032258064516,0.2545454545454545,0.19672131147540983
O=C(C1=CC(I)=C(OCCN(CC)CC)C(I)=C1)C=2C=3C=CC=CC3OC2CCCC,ATIVO,1.0,0.4225352112676056,0.5384615384615384,0.36065573770491804,0.3333333333333333,0.37142857142857144,0.3472222222222222,0.4461538461538462,0.42028985507246375
BrC=1C=C(OC)C(OC)=CC1C[N+]2(CCOCCC3CCC4CC3C4(C)C)CCOCC2,ATIVO,1.0,0.3717948717948718,0.5180722891566265,0.3484848484848485,0.30666666666666664,0.34210526315789475,0.33766233766233766,0.4084507042253521,0.38666666666666666
O=S(=O)(N)C1=CC=C(C=C1)N2N=C(C=C2C=3C=CC(=CC3)C)C(F)(F)F,ATIVO,1.0,0.2839506172839506,0.28125,0.08860759493670886,0.09195402298850575,0.08791208791208792,0.16279069767441862,0.11494252873563218,0.1348314606741573
C=1C=CC(=CC1)C=CCN2CCN(CC2)C(C=3C=CC=CC3)C=4C=CC=CC4,ATIVO,1.0,0.18181818181818182,0.29333333333333333,0.15384615384615385,0.09523809523809523,0.12307692307692308,0.13846153846153847,0.12698412698412698,0.19047619047619047
C=1C=CC2=C(C1)C=CC=3C=CC=CC3C2=CCCN(C)C,ATIVO,1.0,0.19696969696969696,0.30666666666666664,0.1509433962264151,0.1864406779661017,0.21311475409836064,0.19047619047619047,0.2413793103448276,0.2459016393442623
C(#CC(C)(C)C)C=CCN(C)CC1=CC=CC=2C=CC=CC21,ATIVO,1.0,0.22580645161290322,0.3380281690140845,0.09433962264150944,0.11666666666666667,0.14516129032258066,0.14285714285714285,0.1896551724137931,0.15873015873015872
ClC=1C=CC2=C(C1)CCC=3C=CC=NC3C2=C4CCNCC4,ATIVO,1.0,0.2222222222222222,0.27380952380952384,0.12903225806451613,0.16176470588235295,0.18571428571428572,0.13513513513513514,0.19117647058823528,0.25
O=C(O)CC=1C=CC=CC1NC=2C(Cl)=CC=CC2Cl,ATIVO,1.0,0.3275862068965517,0.28,0.2553191489361702,0.21428571428571427,0.22033898305084745,0.1774193548387097,0.2727272727272727,0.2542372881355932
N=C(N)C1=CC=C(N=NNC2=CC=C(C=C2)C(=N)N)C=C1,ATIVO,1.0,0.1746031746031746,0.14814814814814814,0.01818181818181818,0.031746031746031744,0.029850746268656716,0.09375,0.06349206349206349,0.05970149253731343
O=C1NC=2C=CC=CC2N1CCCN3CCC(N4C(=O)NC5=CC(Cl)=CC=C54)CC3,ATIVO,1.0,0.35443037974683544,0.4823529411764706,0.20270270270270271,0.1951219512195122,0.21428571428571427,0.21176470588235294,0.26582278481012656,0.3
O=C(N1CCN(C=2N=C(N)C=3C=C(OC)C(OC)=CC3N2)CC1)C4OC=5C=CC=CC5OC4,ATIVO,1.0,0.4935064935064935,0.5764705882352941,0.27631578947368424,0.2619047619047619,0.27906976744186046,0.26136363636363635,0.3670886075949367,0.3176470588235294
O=C(OC)NC(=NC1=CC=C(SC=2C=CC=CC2)C=C1NC(=O)COC)NC(=O)OC,ATIVO,1.0,0.4305555555555556,0.4878048780487805,0.25,0.23684210526315788,0.2727272727272727,0.25316455696202533,0.3150684931506849,0.26582278481012656
N(=NC1=CC=C(N=C1N)N)C=2C=CC=CC2,ATIVO,1.0,0.25806451612903225,0.2125,0.05263157894736842,0.06153846153846154,0.057971014492753624,0.07246376811594203,0.12698412698412698,0.10294117647058823
O=C1C=CC2(C)C(N1)CCC3C2CCC4(C)C(C(=O)NC(C)(C)C)CCC34,ATIVO,1.0,0.4375,0.5205479452054794,0.37037037037037035,0.38333333333333336,0.359375,0.35384615384615387,0.4406779661016949,0.48333333333333334
FC1=CC=C(C=C1)C(C2=CC=C(F)C=C2)N3CCN(CC=CC=4C=CC=CC4)CC3,ATIVO,1.0,0.17142857142857143,0.27848101265822783,0.14285714285714285,0.08955223880597014,0.11594202898550725,0.13043478260869565,0.11940298507462686,0.1791044776119403
O=S(C1=NC=2C=CC=CC2N1)CC3=NC=CC(OCC(F)(F)F)=C3C,ATIVO,1.0,0.3625,0.45454545454545453,0.21333333333333335,0.19047619047619047,0.2235294117647059,0.23529411764705882,0.25925925925925924,0.2619047619047619
ClC1=CC=C(C=C1)C(C=2C=CC=CC2)N3CCN(CC=4C=CC=C(C4)C)CC3,ATIVO,1.0,0.16901408450704225,0.2911392405063291,0.16071428571428573,0.1044776119402985,0.13043478260869565,0.14492753623188406,0.13432835820895522,0.19402985074626866
O=C(O)C(N)(C)CC1=CC=C(O)C(O)=C1,ATIVO,1.0,0.47368421052631576,0.410958904109589,0.40425531914893614,0.3888888888888889,0.38596491228070173,0.3114754098360656,0.4528301886792453,0.39655172413793105
O=C(O)C(N)(C)CC1=CC=C(O)C(O)=C1,ATIVO,1.0,0.47368421052631576,0.410958904109589,0.40425531914893614,0.3888888888888889,0.38596491228070173,0.3114754098360656,0.4528301886792453,0.39655172413793105
FC=1C=CC=CC1C2=NCC3=CN=C(N3C=4C=CC(Cl)=CC24)C,ATIVO,1.0,0.2676056338028169,0.2976190476190476,0.07462686567164178,0.0945945945945946,0.1038961038961039,0.075,0.136986301369863,0.16
O=S(=O)(NC)CCC=1C=CC=2NC=C(C2C1)C3CCN(C)CC3,ATIVO,1.0,0.26373626373626374,0.4725274725274725,0.2125,0.21839080459770116,0.23595505617977527,0.29069767441860467,0.27058823529411763,0.3176470588235294
OC(C=C)(C)CCC=C(C)CCC=C(C)C,ATIVO,1.0,0.13846153846153847,0.24,0.4358974358974359,0.41304347826086957,0.40816326530612246,0.42857142857142855,0.34,0.42
O=C(NN=CC=1OC(=CC1)N(=O)=O)C2=CC=C(O)C=C2,ATIVO,1.0,0.47761194029850745,0.38823529411764707,0.22727272727272727,0.21621621621621623,0.20512820512820512,0.26666666666666666,0.2602739726027397,0.24675324675324675
O=C(OC=1C=CC=CC1C(=O)NC2=NC=C(S2)N(=O)=O)C,ATIVO,1.0,0.4794520547945205,0.4111111111111111,0.21621621621621623,0.2073170731707317,0.19767441860465115,0.25301204819277107,0.2625,0.23529411764705882
O=S(C1=NC=2C=CC(OC)=CC2N1)CC3=NC=C(C(OC)=C3C)C,ATIVO,1.0,0.41333333333333333,0.4880952380952381,0.2222222222222222,0.22784810126582278,0.24691358024691357,0.25925925925925924,0.32,0.3037974683544304
O=C1C=2C=3C=CC=CC3N(C2CCC1CN4C=CN=C4C)C,ATIVO,1.0,0.36764705882352944,0.47368421052631576,0.25,0.23529411764705882,0.2571428571428571,0.2361111111111111,0.30303030303030304,0.3235294117647059
O=CNC(C(=O)OC(CCCCCCCCCCC)CC1OC(=O)C1CCCCCC)CC(C)C,ATIVO,1.0,0.421875,0.4864864864864865,0.5869565217391305,0.4642857142857143,0.4576271186440678,0.4745762711864407,0.5,0.4915254237288136
O=S(C1=NC=2C=C(OC(F)F)C=CC2N1)CC3=NC=CC(OC)=C3OC,ATIVO,1.0,0.41025641025641024,0.4827586206896552,0.24324324324324326,0.23170731707317074,0.25,0.24705882352941178,0.32051282051282054,0.3048780487804878
O=C(C=CC1=CC(OC)=C(OC)C(OC)=C1)N2C(=O)C=CCC2,ATIVO,1.0,0.5333333333333333,0.48,0.34545454545454546,0.3387096774193548,0.3384615384615385,0.31343283582089554,0.46551724137931033,0.36923076923076925
S1C=2C=CC=CC2N(C=3C=CC=CC13)CC(N(C)C)C,ATIVO,1.0,0.2608695652173913,0.37662337662337664,0.09523809523809523,0.13043478260869565,0.15492957746478872,0.12162162162162163,0.19402985074626866,0.18309859154929578
O=C(C=1C=CC=CC1OCC(O)CNCCC)CCC=2C=CC=CC2,ATIVO,1.0,0.4117647058823529,0.47435897435897434,0.4444444444444444,0.38095238095238093,0.4444444444444444,0.3333333333333333,0.48333333333333334,0.453125
O=C1N=C2C(=NC=3C=C(C(=CC3N2CC(O)C(O)C(O)CO)C)C)C(=O)N1,ATIVO,1.0,0.5342465753424658,0.5595238095238095,0.2876712328767123,0.33766233766233766,0.38961038961038963,0.27058823529411763,0.4189189189189189,0.3974358974358974
ClC=1C=CC2=C(C1)CCC=3C=CC=NC3C2=C4CCN(CC=5C=NC=C(C5)C)CC4,ATIVO,1.0,0.21052631578947367,0.32142857142857145,0.15625,0.1527777777777778,0.17567567567567569,0.17333333333333334,0.18055555555555555,0.2535211267605634
O=C1OC(CCC2C(C=CC3=CC(C)CC(OC(=O)C(C)(C)CC)C32)C)CC(O)C1,ATIVO,1.0,0.40298507462686567,0.5066666666666667,0.6170212765957447,0.6037735849056604,0.5892857142857143,0.6071428571428571,0.6415094339622641,0.7169811320754716
O=C1N2C(C3=CC=C4OCOC4=C3)C=5NC=6C=CC=CC6C5CC2C(=O)N(C)C1,ATIVO,1.0,0.5138888888888888,0.6410256410256411,0.3188405797101449,0.3157894736842105,0.3333333333333333,0.26506024096385544,0.4166666666666667,0.39473684210526316
O(C1=CC=C(C=C1)C(C=2C=CC=CC2)=C(C=3C=CC=CC3)CC)CCN(C)C,ATIVO,1.0,0.2753623188405797,0.4266666666666667,0.2727272727272727,0.27419354838709675,0.31746031746031744,0.3125,0.32786885245901637,0.3076923076923077
O=C(O)C=1C=CC=CC1C=2C=CC(=CC2)CN3C4=CC(=CC(=C4N=C3CCC)C)C5=NC=6C=CC=CC6N5C,ATIVO,1.0,0.37142857142857144,0.47435897435897434,0.25806451612903225,0.24285714285714285,0.2638888888888889,0.2602739726027397,0.3283582089552239,0.34782608695652173
OC1(C=2C=CC=C(OC)C2)CCCCC1CN(C)C,ATIVO,1.0,0.3,0.4666666666666667,0.40384615384615385,0.3225806451612903,0.34375,0.38095238095238093,0.4482758620689655,0.3968253968253968
O=C(SC1CC2=CC(=O)CCC2(C)C3CCC4(C)C(CCC54OC(=O)CC5)C13)C,ATIVO,1.0,0.390625,0.4025974025974026,0.5106382978723404,0.5094339622641509,0.47368421052631576,0.5178571428571429,0.5185185185185185,0.6226415094339622
O=C1C(C(C(O)=C2C)=C3C(O)=C2NC(/C=C\C=C\C(C)C4O)=O)=C(C(C)=C3O)OC1(C)O/C=C/C(O)C(C)C(OC(C)=O)C(C)C(O)C4C,,,1.0,0.581081081081081,0.3333333333333333,0.4126984126984127,0.3880597014925373,0.323943661971831,0.5166666666666667,0.46153846153846156
C[C@]([C@@H](CC)OC([C@H](C)C([C@@H]1C)=O)=O)(O2)[C@@H]([C@@H](C)C([C@H](C)C[C@](OC/C=C/C3=CC4=CC=C(C)N=C4C=C3)(C)[C@@H]1O[C@H]5[C@H](O)[C@@H](N(C)C)C[C@@H](C)O5)=O)NC2=O,,,0.581081081081081,1.0,0.375,0.4025974025974026,0.4358974358974359,0.3950617283950617,0.4666666666666667,0.5
O=C(/C=C/1)[C@H](CCCCCCCCC[C@@H](C)OC1=O)OC(CCC(O)=O)=O,,,0.3333333333333333,0.375,1.0,0.6136363636363636,0.5957446808510638,0.5833333333333334,0.6590909090909091,0.6382978723404256
C[C@H](CC(/C=C(C)/[C@@H](C)C[C@H](O)CC([C@H](O)[C@H]1O)=O)=C)C[C@H](O2)[C@@H]2/C=C/CC/C=C(C)/C(O[C@H](O)CC[C@H]1C)=O,,,0.4126984126984127,0.4025974025974026,0.6136363636363636,1.0,0.9090909090909091,0.5740740740740741,0.673469387755102,0.7551020408163265
C[C@H](CC(/C=C(C)/[C@@H](C)C[C@H](O)CC([C@@H]1O)=O)=C)C[C@H]2[C@H](/C=C/CC/C=C(C)/C(O[C@@H](CO)C[C@@H](C)[C@@H]1O)=O)O2,,,0.3880597014925373,0.4358974358974359,0.5957446808510638,0.9090909090909091,1.0,0.5614035087719298,0.6226415094339622,0.7307692307692307
O=C(C1)OC(C/C=C/C=C(C)/C(OP(O)(O)=O)CCCC/C=C/C=C/C=C/C(C)C1=C)CC/C(C)=C/C=C,,,0.323943661971831,0.3950617283950617,0.5833333333333334,0.5740740740740741,0.5614035087719298,1.0,0.5263157894736842,0.5689655172413793
OC1=C(C(O[C@@H](C)CCC[C@@H]2O)=O)C(/C=C/C[C@@H](O)C2=O)=C(OC)C(OC)=C1,,,0.5166666666666667,0.4666666666666667,0.6590909090909091,0.673469387755102,0.6226415094339622,0.5263157894736842,1.0,0.660377358490566
CC1C2CC(O[C@H]1/C=C/CC3O[C@@H]4C[C@@H](O)C3C)[C@H](/C=C/C=C\C=C/C(OC(C=C5)C(/C(C)=C/C(C)CCCCC(O)=O)OC5C/C=C/CC/C=C/C(O)[C@H]4O)=O)O2,,,0.46153846153846156,0.5,0.6382978723404256,0.7551020408163265,0.7307692307692307,0.5689655172413793,0.660377358490566,1.0
